{"stats":{"minecraft:custom":{"minecraft:interact_with_furnace":14,"minecraft:mob_kills":18,"minecraft:interact_with_crafting_table":13,"minecraft:time_since_death":4720,"minecraft:time_since_rest":4784,"minecraft:sprint_one_cm":76012,"minecraft:damage_taken":1838,"minecraft:walk_one_cm":238544,"minecraft:damage_blocked_by_shield":1305,"minecraft:drop":1,"minecraft:damage_dealt":3075,"minecraft:swim_one_cm":3203,"minecraft:talked_to_villager":1,"minecraft:fly_one_cm":91657,"minecraft:player_kills":1,"minecraft:open_chest":6,"minecraft:crouch_one_cm":482,"minecraft:play_time":79028,"minecraft:deaths":6,"minecraft:sneak_time":149,"minecraft:walk_under_water_one_cm":2089,"minecraft:jump":779,"minecraft:walk_on_water_one_cm":7422,"minecraft:total_world_time":79028,"minecraft:fall_one_cm":11886,"minecraft:horse_one_cm":221},"minecraft:mined":{"minecraft:deepslate_redstone_ore":2,"minecraft:diamond_ore":10,"minecraft:tuff":1,"minecraft:white_bed":1,"minecraft:glass_pane":1,"minecraft:deepslate_diamond_ore":2,"minecraft:oak_fence":2,"minecraft:obsidian":1,"minecraft:crafting_table":3,"minecraft:torch":3,"minecraft:granite":17,"minecraft:calcite":2,"minecraft:grass_block":1,"minecraft:chest":2,"minecraft:copper_ore":2,"minecraft:cobblestone":13,"minecraft:lapis_ore":1,"minecraft:oak_planks":11,"minecraft:diorite":25,"minecraft:wall_torch":5,"minecraft:amethyst_block":2,"minecraft:spawner":1,"minecraft:furnace":6,"minecraft:iron_ore":88,"minecraft:andesite":34,"minecraft:deepslate_lapis_ore":4,"minecraft:grass":6,"minecraft:coal_ore":18,"minecraft:deepslate_iron_ore":1,"minecraft:gravel":5,"minecraft:dirt":2,"minecraft:stripped_oak_log":1,"minecraft:cobweb":1,"minecraft:smooth_basalt":2,"minecraft:stone":343,"minecraft:oak_leaves":2,"minecraft:deepslate":33},"minecraft:picked_up":{"minecraft:stripped_oak_log":1,"minecraft:crafting_table":3,"minecraft:andesite":34,"minecraft:flint":1,"minecraft:tuff":1,"minecraft:amethyst_block":2,"minecraft:lapis_lazuli":28,"minecraft:dirt":3,"minecraft:raw_copper":9,"minecraft:cooked_mutton":2,"minecraft:bone":2,"minecraft:bow":1,"minecraft:wheat_seeds":2,"minecraft:cobbled_deepslate":35,"minecraft:iron_ingot":5,"minecraft:stone_pickaxe":1,"minecraft:calcite":2,"minecraft:chest":2,"minecraft:oak_planks":11,"minecraft:furnace":6,"minecraft:raw_iron":166,"minecraft:smooth_basalt":2,"minecraft:oak_door":3,"minecraft:torch":8,"minecraft:gravel":7,"minecraft:diorite":25,"minecraft:white_bed":1,"minecraft:redstone":10,"minecraft:stone_sword":1,"minecraft:arrow":3,"minecraft:rotten_flesh":2,"minecraft:diamond":13,"minecraft:stone_axe":1,"minecraft:granite":16,"minecraft:oak_sapling":2,"minecraft:mutton":10,"minecraft:obsidian":1,"minecraft:coal":87,"minecraft:white_wool":6,"minecraft:cobblestone":364},"minecraft:dropped":{"minecraft:gravel":3},"minecraft:killed":{"minecraft:spider":1,"minecraft:sheep":6,"minecraft:skeleton":5,"minecraft:zombie":4},"minecraft:crafted":{"minecraft:oak_planks":4,"minecraft:diamond_axe":1,"minecraft:crafting_table":1,"minecraft:wooden_pickaxe":1,"minecraft:furnace":1,"minecraft:bucket":4,"minecraft:diamond_pickaxe":1,"minecraft:stick":8,"minecraft:iron_ingot":16,"minecraft:stone_pickaxe":1,"minecraft:oak_button":1,"minecraft:diamond_chestplate":1},"minecraft:used":{"minecraft:cooked_mutton":2,"minecraft:water_bucket":3,"minecraft:diorite":11,"minecraft:stone_pickaxe":63,"minecraft:wooden_pickaxe":14,"minecraft:chest":1,"minecraft:shield":21,"minecraft:iron_sword":26,"minecraft:diamond_axe":9,"minecraft:oak_door":3,"minecraft:torch":8,"minecraft:dirt":3,"minecraft:mutton":7,"minecraft:crafting_table":3,"minecraft:obsidian":1,"minecraft:diamond_pickaxe":535,"minecraft:lava_bucket":6,"minecraft:iron_axe":10,"minecraft:iron_pickaxe":27,"minecraft:stone_axe":4,"minecraft:diamond_chestplate":1,"minecraft:cobblestone":50,"minecraft:furnace":5,"minecraft:bucket":13},"minecraft:killed_by":{"minecraft:zombie_villager":1,"minecraft:player":1,"minecraft:skeleton":3}},"DataVersion":3578}