{"stats":{"minecraft:custom":{"minecraft:interact_with_furnace":14,"minecraft:mob_kills":27,"minecraft:interact_with_crafting_table":14,"minecraft:bell_ring":1,"minecraft:leave_game":1,"minecraft:time_since_death":3628,"minecraft:time_since_rest":3657,"minecraft:sprint_one_cm":101321,"minecraft:damage_taken":3785,"minecraft:walk_one_cm":328224,"minecraft:damage_blocked_by_shield":2753,"minecraft:drop":6,"minecraft:damage_dealt":5095,"minecraft:swim_one_cm":3203,"minecraft:talked_to_villager":1,"minecraft:fly_one_cm":121221,"minecraft:player_kills":1,"minecraft:open_chest":8,"minecraft:crouch_one_cm":857,"minecraft:play_time":107203,"minecraft:deaths":12,"minecraft:sneak_time":414,"minecraft:walk_under_water_one_cm":2199,"minecraft:jump":1170,"minecraft:walk_on_water_one_cm":13357,"minecraft:fall_one_cm":19437,"minecraft:total_world_time":107203,"minecraft:horse_one_cm":221},"minecraft:mined":{"minecraft:deepslate_redstone_ore":2,"minecraft:diamond_ore":10,"minecraft:tuff":2,"minecraft:white_bed":1,"minecraft:glass_pane":3,"minecraft:mossy_cobblestone":1,"minecraft:deepslate_diamond_ore":5,"minecraft:oak_fence":2,"minecraft:obsidian":5,"minecraft:crafting_table":4,"minecraft:torch":3,"minecraft:granite":20,"minecraft:grass_block":2,"minecraft:calcite":2,"minecraft:chest":2,"minecraft:copper_ore":2,"minecraft:cobblestone":23,"minecraft:lapis_ore":5,"minecraft:oak_planks":16,"minecraft:diorite":25,"minecraft:wall_torch":5,"minecraft:amethyst_block":2,"minecraft:spawner":2,"minecraft:furnace":6,"minecraft:iron_ore":88,"minecraft:andesite":34,"minecraft:deepslate_lapis_ore":4,"minecraft:grass":7,"minecraft:oak_log":1,"minecraft:coal_ore":18,"minecraft:deepslate_iron_ore":1,"minecraft:oak_stairs":1,"minecraft:gravel":5,"minecraft:dirt":5,"minecraft:stripped_oak_log":1,"minecraft:cobweb":1,"minecraft:smooth_basalt":2,"minecraft:stone":414,"minecraft:netherrack":2,"minecraft:oak_leaves":2,"minecraft:deepslate":33},"minecraft:picked_up":{"minecraft:stripped_oak_log":1,"minecraft:crafting_table":4,"minecraft:andesite":34,"minecraft:flint":1,"minecraft:tuff":2,"minecraft:amethyst_block":2,"minecraft:lapis_lazuli":53,"minecraft:dirt":3,"minecraft:raw_copper":9,"minecraft:cooked_mutton":2,"minecraft:bone":3,"minecraft:bow":1,"minecraft:wheat_seeds":2,"minecraft:cobbled_deepslate":35,"minecraft:stone_pickaxe":1,"minecraft:iron_ingot":5,"minecraft:calcite":2,"minecraft:chest":2,"minecraft:oak_planks":16,"minecraft:furnace":6,"minecraft:raw_iron":166,"minecraft:smooth_basalt":2,"minecraft:oak_door":3,"minecraft:torch":8,"minecraft:gravel":7,"minecraft:diorite":26,"minecraft:white_bed":1,"minecraft:redstone":10,"minecraft:stone_sword":1,"minecraft:arrow":3,"minecraft:rotten_flesh":15,"minecraft:diamond":16,"minecraft:stone_axe":1,"minecraft:granite":19,"minecraft:oak_sapling":2,"minecraft:mutton":10,"minecraft:netherrack":4,"minecraft:obsidian":5,"minecraft:coal":87,"minecraft:white_wool":6,"minecraft:cobblestone":446},"minecraft:dropped":{"minecraft:gravel":3,"minecraft:diorite":15,"minecraft:andesite":32,"minecraft:netherrack":2,"minecraft:bone":2},"minecraft:killed":{"minecraft:spider":1,"minecraft:sheep":6,"minecraft:skeleton":7,"minecraft:zombie":10},"minecraft:crafted":{"minecraft:oak_planks":4,"minecraft:diamond_axe":1,"minecraft:crafting_table":1,"minecraft:wooden_pickaxe":1,"minecraft:furnace":1,"minecraft:bucket":4,"minecraft:diamond_pickaxe":1,"minecraft:stick":8,"minecraft:iron_ingot":16,"minecraft:stone_pickaxe":1,"minecraft:oak_button":1,"minecraft:diamond_chestplate":1},"minecraft:used":{"minecraft:cooked_mutton":2,"minecraft:water_bucket":6,"minecraft:diorite":11,"minecraft:stone_pickaxe":63,"minecraft:wooden_pickaxe":14,"minecraft:chest":1,"minecraft:shield":43,"minecraft:iron_sword":42,"minecraft:diamond_axe":32,"minecraft:netherrack":1,"minecraft:oak_door":3,"minecraft:torch":8,"minecraft:dirt":3,"minecraft:mutton":7,"minecraft:crafting_table":4,"minecraft:obsidian":1,"minecraft:diamond_pickaxe":642,"minecraft:lava_bucket":31,"minecraft:iron_axe":10,"minecraft:iron_pickaxe":27,"minecraft:stone_axe":4,"minecraft:diamond_chestplate":1,"minecraft:cobblestone":182,"minecraft:furnace":5,"minecraft:bucket":41},"minecraft:killed_by":{"minecraft:zombie_villager":1,"minecraft:player":1,"minecraft:skeleton":5,"minecraft:creeper":1,"minecraft:zombie":3}},"DataVersion":3578}