{"stats":{"minecraft:custom":{"minecraft:mob_kills":12,"minecraft:interact_with_crafting_table":4,"minecraft:time_since_death":10969,"minecraft:time_since_rest":11001,"minecraft:sprint_one_cm":53106,"minecraft:damage_taken":1158,"minecraft:walk_one_cm":136063,"minecraft:damage_blocked_by_shield":660,"minecraft:drop":1,"minecraft:damage_dealt":2076,"minecraft:swim_one_cm":1647,"minecraft:talked_to_villager":1,"minecraft:fly_one_cm":80980,"minecraft:player_kills":1,"minecraft:open_chest":6,"minecraft:crouch_one_cm":125,"minecraft:play_time":55028,"minecraft:deaths":4,"minecraft:sneak_time":43,"minecraft:walk_under_water_one_cm":604,"minecraft:jump":492,"minecraft:walk_on_water_one_cm":280,"minecraft:total_world_time":55028,"minecraft:fall_one_cm":3857,"minecraft:horse_one_cm":221},"minecraft:mined":{"minecraft:white_bed":1,"minecraft:glass_pane":1,"minecraft:obsidian":1,"minecraft:crafting_table":1,"minecraft:torch":2,"minecraft:grass_block":1,"minecraft:chest":2,"minecraft:copper_ore":2,"minecraft:cobblestone":13,"minecraft:oak_planks":10,"minecraft:diorite":23,"minecraft:wall_torch":5,"minecraft:furnace":3,"minecraft:iron_ore":79,"minecraft:andesite":34,"minecraft:grass":6,"minecraft:coal_ore":18,"minecraft:gravel":5,"minecraft:dirt":2,"minecraft:stripped_oak_log":1,"minecraft:stone":193,"minecraft:oak_leaves":2},"minecraft:picked_up":{"minecraft:stripped_oak_log":1,"minecraft:crafting_table":1,"minecraft:andesite":34,"minecraft:flint":1,"minecraft:dirt":3,"minecraft:raw_copper":9,"minecraft:cooked_mutton":2,"minecraft:bone":2,"minecraft:wheat_seeds":2,"minecraft:iron_ingot":1,"minecraft:stone_pickaxe":1,"minecraft:chest":2,"minecraft:oak_planks":10,"minecraft:furnace":3,"minecraft:raw_iron":82,"minecraft:oak_door":3,"minecraft:torch":7,"minecraft:gravel":7,"minecraft:diorite":23,"minecraft:white_bed":1,"minecraft:stone_sword":1,"minecraft:arrow":3,"minecraft:rotten_flesh":1,"minecraft:stone_axe":1,"minecraft:oak_sapling":2,"minecraft:mutton":10,"minecraft:obsidian":1,"minecraft:coal":31,"minecraft:white_wool":6,"minecraft:cobblestone":206},"minecraft:dropped":{"minecraft:gravel":3},"minecraft:killed":{"minecraft:sheep":6,"minecraft:skeleton":4,"minecraft:zombie":2},"minecraft:crafted":{"minecraft:oak_planks":4,"minecraft:crafting_table":1,"minecraft:wooden_pickaxe":1,"minecraft:furnace":1,"minecraft:diamond_pickaxe":1,"minecraft:stick":8,"minecraft:stone_pickaxe":1,"minecraft:oak_button":1},"minecraft:used":{"minecraft:cooked_mutton":2,"minecraft:diorite":1,"minecraft:stone_pickaxe":63,"minecraft:wooden_pickaxe":14,"minecraft:chest":1,"minecraft:shield":11,"minecraft:iron_sword":13,"minecraft:oak_door":3,"minecraft:torch":6,"minecraft:dirt":3,"minecraft:mutton":7,"minecraft:crafting_table":1,"minecraft:obsidian":1,"minecraft:diamond_pickaxe":296,"minecraft:iron_axe":10,"minecraft:iron_pickaxe":24,"minecraft:stone_axe":4,"minecraft:cobblestone":2,"minecraft:furnace":2},"minecraft:killed_by":{"minecraft:player":1,"minecraft:skeleton":3}},"DataVersion":3578}