{"stats":{"minecraft:custom":{"minecraft:interact_with_furnace":14,"minecraft:mob_kills":22,"minecraft:interact_with_crafting_table":13,"minecraft:time_since_death":2208,"minecraft:time_since_rest":2242,"minecraft:sprint_one_cm":83403,"minecraft:damage_taken":3411,"minecraft:walk_one_cm":274376,"minecraft:damage_blocked_by_shield":2415,"minecraft:drop":3,"minecraft:damage_dealt":3966,"minecraft:swim_one_cm":3203,"minecraft:talked_to_villager":1,"minecraft:fly_one_cm":97494,"minecraft:player_kills":1,"minecraft:open_chest":8,"minecraft:crouch_one_cm":838,"minecraft:play_time":91028,"minecraft:deaths":11,"minecraft:sneak_time":386,"minecraft:walk_under_water_one_cm":2089,"minecraft:jump":983,"minecraft:walk_on_water_one_cm":8114,"minecraft:total_world_time":91028,"minecraft:fall_one_cm":17639,"minecraft:horse_one_cm":221},"minecraft:mined":{"minecraft:deepslate_redstone_ore":2,"minecraft:diamond_ore":10,"minecraft:tuff":2,"minecraft:white_bed":1,"minecraft:glass_pane":1,"minecraft:deepslate_diamond_ore":5,"minecraft:oak_fence":2,"minecraft:obsidian":1,"minecraft:crafting_table":3,"minecraft:torch":3,"minecraft:granite":20,"minecraft:calcite":2,"minecraft:grass_block":1,"minecraft:chest":2,"minecraft:copper_ore":2,"minecraft:cobblestone":15,"minecraft:lapis_ore":5,"minecraft:oak_planks":11,"minecraft:diorite":25,"minecraft:wall_torch":5,"minecraft:amethyst_block":2,"minecraft:spawner":2,"minecraft:furnace":6,"minecraft:iron_ore":88,"minecraft:andesite":34,"minecraft:deepslate_lapis_ore":4,"minecraft:grass":6,"minecraft:coal_ore":18,"minecraft:deepslate_iron_ore":1,"minecraft:gravel":5,"minecraft:dirt":2,"minecraft:stripped_oak_log":1,"minecraft:cobweb":1,"minecraft:smooth_basalt":2,"minecraft:stone":384,"minecraft:oak_leaves":2,"minecraft:deepslate":33},"minecraft:picked_up":{"minecraft:stripped_oak_log":1,"minecraft:crafting_table":3,"minecraft:andesite":34,"minecraft:flint":1,"minecraft:tuff":2,"minecraft:amethyst_block":2,"minecraft:lapis_lazuli":53,"minecraft:dirt":3,"minecraft:raw_copper":9,"minecraft:cooked_mutton":2,"minecraft:bone":3,"minecraft:bow":1,"minecraft:wheat_seeds":2,"minecraft:cobbled_deepslate":35,"minecraft:iron_ingot":5,"minecraft:stone_pickaxe":1,"minecraft:calcite":2,"minecraft:chest":2,"minecraft:oak_planks":11,"minecraft:furnace":6,"minecraft:raw_iron":166,"minecraft:smooth_basalt":2,"minecraft:oak_door":3,"minecraft:torch":8,"minecraft:gravel":7,"minecraft:diorite":26,"minecraft:white_bed":1,"minecraft:redstone":10,"minecraft:stone_sword":1,"minecraft:arrow":3,"minecraft:rotten_flesh":10,"minecraft:diamond":16,"minecraft:stone_axe":1,"minecraft:granite":19,"minecraft:oak_sapling":2,"minecraft:mutton":10,"minecraft:obsidian":1,"minecraft:coal":87,"minecraft:white_wool":6,"minecraft:cobblestone":407},"minecraft:dropped":{"minecraft:gravel":3,"minecraft:bone":2},"minecraft:killed":{"minecraft:spider":1,"minecraft:sheep":6,"minecraft:skeleton":7,"minecraft:zombie":6},"minecraft:crafted":{"minecraft:oak_planks":4,"minecraft:diamond_axe":1,"minecraft:crafting_table":1,"minecraft:wooden_pickaxe":1,"minecraft:furnace":1,"minecraft:bucket":4,"minecraft:diamond_pickaxe":1,"minecraft:stick":8,"minecraft:iron_ingot":16,"minecraft:stone_pickaxe":1,"minecraft:oak_button":1,"minecraft:diamond_chestplate":1},"minecraft:used":{"minecraft:cooked_mutton":2,"minecraft:water_bucket":4,"minecraft:diorite":11,"minecraft:stone_pickaxe":63,"minecraft:wooden_pickaxe":14,"minecraft:chest":1,"minecraft:shield":40,"minecraft:iron_sword":36,"minecraft:diamond_axe":14,"minecraft:oak_door":3,"minecraft:torch":8,"minecraft:dirt":3,"minecraft:mutton":7,"minecraft:crafting_table":3,"minecraft:obsidian":1,"minecraft:diamond_pickaxe":590,"minecraft:lava_bucket":14,"minecraft:iron_axe":10,"minecraft:iron_pickaxe":27,"minecraft:stone_axe":4,"minecraft:diamond_chestplate":1,"minecraft:cobblestone":137,"minecraft:furnace":5,"minecraft:bucket":22},"minecraft:killed_by":{"minecraft:zombie_villager":1,"minecraft:player":1,"minecraft:skeleton":5,"minecraft:creeper":1,"minecraft:zombie":2}},"DataVersion":3578}