{"stats":{"minecraft:custom":{"minecraft:time_since_rest":8429,"minecraft:sprint_one_cm":24215,"minecraft:damage_taken":50,"minecraft:walk_one_cm":36885,"minecraft:mob_kills":4,"minecraft:damage_dealt":328,"minecraft:interact_with_crafting_table":3,"minecraft:talked_to_villager":1,"minecraft:fly_one_cm":35190,"minecraft:open_chest":2,"minecraft:crouch_one_cm":100,"minecraft:play_time":13028,"minecraft:sneak_time":5,"minecraft:jump":176,"minecraft:time_since_death":13028,"minecraft:walk_on_water_one_cm":89,"minecraft:total_world_time":13028,"minecraft:fall_one_cm":1881,"minecraft:horse_one_cm":221},"minecraft:mined":{"minecraft:white_bed":1,"minecraft:glass_pane":1,"minecraft:torch":1,"minecraft:grass_block":1,"minecraft:chest":1,"minecraft:dirt":1,"minecraft:cobblestone":12,"minecraft:oak_planks":10,"minecraft:oak_leaves":2,"minecraft:wall_torch":3},"minecraft:picked_up":{"minecraft:oak_door":3,"minecraft:torch":4,"minecraft:white_bed":1,"minecraft:dirt":2,"minecraft:oak_sapling":2,"minecraft:chest":1,"minecraft:mutton":7,"minecraft:oak_planks":10,"minecraft:white_wool":4,"minecraft:cobblestone":12},"minecraft:killed":{"minecraft:sheep":4},"minecraft:crafted":{"minecraft:crafting_table":1,"minecraft:stick":4,"minecraft:wooden_pickaxe":1,"minecraft:stone_pickaxe":1,"minecraft:furnace":1},"minecraft:used":{"minecraft:stone_pickaxe":9,"minecraft:wooden_pickaxe":14,"minecraft:torch":1,"minecraft:dirt":1,"minecraft:mutton":3,"minecraft:crafting_table":1}},"DataVersion":3578}