{"stats":{"minecraft:custom":{"minecraft:time_since_rest":15099,"minecraft:sprint_one_cm":36170,"minecraft:damage_taken":300,"minecraft:walk_one_cm":75040,"minecraft:mob_kills":6,"minecraft:damage_dealt":575,"minecraft:interact_with_crafting_table":3,"minecraft:talked_to_villager":1,"minecraft:fly_one_cm":53792,"minecraft:open_chest":3,"minecraft:crouch_one_cm":125,"minecraft:play_time":31028,"minecraft:deaths":1,"minecraft:sneak_time":41,"minecraft:jump":298,"minecraft:time_since_death":15070,"minecraft:walk_on_water_one_cm":89,"minecraft:total_world_time":31028,"minecraft:fall_one_cm":3110,"minecraft:horse_one_cm":221},"minecraft:mined":{"minecraft:white_bed":1,"minecraft:glass_pane":1,"minecraft:furnace":3,"minecraft:andesite":2,"minecraft:torch":1,"minecraft:grass":4,"minecraft:grass_block":1,"minecraft:chest":2,"minecraft:gravel":4,"minecraft:dirt":2,"minecraft:cobblestone":12,"minecraft:stone":31,"minecraft:oak_planks":10,"minecraft:oak_leaves":2,"minecraft:wall_torch":3},"minecraft:picked_up":{"minecraft:oak_door":3,"minecraft:andesite":2,"minecraft:torch":4,"minecraft:gravel":3,"minecraft:flint":1,"minecraft:white_bed":1,"minecraft:dirt":3,"minecraft:cooked_mutton":2,"minecraft:wheat_seeds":1,"minecraft:oak_sapling":2,"minecraft:coal":13,"minecraft:chest":2,"minecraft:mutton":10,"minecraft:oak_planks":10,"minecraft:furnace":3,"minecraft:white_wool":6,"minecraft:cobblestone":42},"minecraft:killed":{"minecraft:sheep":6},"minecraft:crafted":{"minecraft:crafting_table":1,"minecraft:stick":4,"minecraft:wooden_pickaxe":1,"minecraft:stone_pickaxe":1,"minecraft:furnace":1},"minecraft:used":{"minecraft:stone_pickaxe":63,"minecraft:chest":1,"minecraft:wooden_pickaxe":14,"minecraft:oak_door":3,"minecraft:torch":2,"minecraft:dirt":3,"minecraft:mutton":7,"minecraft:crafting_table":1,"minecraft:furnace":2},"minecraft:killed_by":{"minecraft:skeleton":1}},"DataVersion":3578}