{"stats":{"minecraft:custom":{"minecraft:mob_kills":9,"minecraft:interact_with_crafting_table":4,"minecraft:time_since_death":1148,"minecraft:time_since_rest":1195,"minecraft:sprint_one_cm":43058,"minecraft:damage_taken":951,"minecraft:walk_one_cm":91387,"minecraft:damage_blocked_by_shield":225,"minecraft:drop":1,"minecraft:damage_dealt":1476,"minecraft:talked_to_villager":1,"minecraft:fly_one_cm":74816,"minecraft:player_kills":1,"minecraft:open_chest":6,"minecraft:crouch_one_cm":125,"minecraft:play_time":43028,"minecraft:deaths":3,"minecraft:sneak_time":41,"minecraft:jump":379,"minecraft:walk_on_water_one_cm":89,"minecraft:total_world_time":43028,"minecraft:fall_one_cm":3319,"minecraft:horse_one_cm":221},"minecraft:mined":{"minecraft:white_bed":1,"minecraft:glass_pane":1,"minecraft:obsidian":1,"minecraft:crafting_table":1,"minecraft:torch":1,"minecraft:grass_block":1,"minecraft:chest":2,"minecraft:cobblestone":13,"minecraft:oak_planks":10,"minecraft:wall_torch":3,"minecraft:furnace":3,"minecraft:andesite":2,"minecraft:grass":6,"minecraft:gravel":4,"minecraft:dirt":2,"minecraft:stripped_oak_log":1,"minecraft:stone":31,"minecraft:oak_leaves":2},"minecraft:picked_up":{"minecraft:stripped_oak_log":1,"minecraft:crafting_table":1,"minecraft:andesite":2,"minecraft:flint":1,"minecraft:dirt":3,"minecraft:cooked_mutton":2,"minecraft:bone":1,"minecraft:wheat_seeds":2,"minecraft:stone_pickaxe":1,"minecraft:chest":2,"minecraft:oak_planks":10,"minecraft:furnace":3,"minecraft:oak_door":3,"minecraft:torch":4,"minecraft:gravel":6,"minecraft:white_bed":1,"minecraft:stone_sword":1,"minecraft:arrow":1,"minecraft:stone_axe":1,"minecraft:oak_sapling":2,"minecraft:mutton":10,"minecraft:obsidian":1,"minecraft:coal":13,"minecraft:white_wool":6,"minecraft:cobblestone":42},"minecraft:dropped":{"minecraft:gravel":3},"minecraft:killed":{"minecraft:sheep":6,"minecraft:skeleton":2,"minecraft:zombie":1},"minecraft:crafted":{"minecraft:oak_planks":4,"minecraft:crafting_table":1,"minecraft:wooden_pickaxe":1,"minecraft:furnace":1,"minecraft:diamond_pickaxe":1,"minecraft:stick":8,"minecraft:stone_pickaxe":1,"minecraft:oak_button":1},"minecraft:used":{"minecraft:stone_pickaxe":63,"minecraft:wooden_pickaxe":14,"minecraft:chest":1,"minecraft:shield":4,"minecraft:iron_sword":1,"minecraft:oak_door":3,"minecraft:torch":2,"minecraft:dirt":3,"minecraft:mutton":7,"minecraft:crafting_table":1,"minecraft:obsidian":1,"minecraft:diamond_pickaxe":1,"minecraft:iron_axe":10,"minecraft:iron_pickaxe":1,"minecraft:stone_axe":4,"minecraft:cobblestone":1,"minecraft:furnace":2},"minecraft:killed_by":{"minecraft:player":1,"minecraft:skeleton":2}},"DataVersion":3578}