{"stats":{"minecraft:custom":{"minecraft:jump":74,"minecraft:open_chest":1,"minecraft:time_since_rest":5097,"minecraft:walk_on_water_one_cm":256,"minecraft:crouch_one_cm":167,"minecraft:sprint_one_cm":10478,"minecraft:play_time":5097,"minecraft:time_since_death":5097,"minecraft:walk_one_cm":2973,"minecraft:sneak_time":89,"minecraft:total_world_time":5097,"minecraft:fall_one_cm":1523,"minecraft:fly_one_cm":24283},"minecraft:picked_up":{"minecraft:oak_log":5},"minecraft:mined":{"minecraft:grass":1,"minecraft:oak_log":5,"minecraft:oak_leaves":1},"minecraft:used":{"minecraft:golden_chestplate":1}},"DataVersion":3578}