{"stats":{"minecraft:custom":{"minecraft:mob_kills":42,"minecraft:interact_with_crafting_table":5,"minecraft:bell_ring":5,"minecraft:leave_game":1,"minecraft:time_since_death":5802,"minecraft:time_since_rest":5828,"minecraft:sprint_one_cm":123511,"minecraft:damage_taken":2131,"minecraft:walk_one_cm":66419,"minecraft:drop":16,"minecraft:damage_dealt":7049,"minecraft:swim_one_cm":5789,"minecraft:fly_one_cm":202871,"minecraft:player_kills":1,"minecraft:open_chest":8,"minecraft:crouch_one_cm":3707,"minecraft:play_time":42890,"minecraft:deaths":5,"minecraft:sneak_time":2112,"minecraft:walk_under_water_one_cm":2135,"minecraft:jump":977,"minecraft:walk_on_water_one_cm":12717,"minecraft:total_world_time":42890,"minecraft:fall_one_cm":14804},"minecraft:picked_up":{"minecraft:crafting_table":1,"minecraft:magma_block":10,"minecraft:feather":2,"minecraft:chicken":1,"minecraft:leather":14,"minecraft:potato":1,"minecraft:oak_log":5,"minecraft:yellow_bed":6,"minecraft:dirt":16,"minecraft:bone":1,"minecraft:bow":1,"minecraft:wheat_seeds":15,"minecraft:gold_nugget":95,"minecraft:iron_ingot":9,"minecraft:beef":20,"minecraft:poppy":2,"minecraft:porkchop":6,"minecraft:blast_furnace":1,"minecraft:white_bed":1,"minecraft:carrot":13,"minecraft:stone_sword":1,"minecraft:arrow":5,"minecraft:rotten_flesh":14,"minecraft:hay_block":10,"minecraft:netherrack":34,"minecraft:mutton":3,"minecraft:cobblestone":31,"minecraft:white_wool":2},"minecraft:mined":{"minecraft:nether_gold_ore":20,"minecraft:white_bed":1,"minecraft:dandelion":1,"minecraft:crafting_table":1,"minecraft:blast_furnace":1,"minecraft:grass_block":16,"minecraft:cobblestone":31,"minecraft:tall_grass":4,"minecraft:hay_block":10,"minecraft:magma_block":10,"minecraft:carrots":13,"minecraft:wheat":13,"minecraft:yellow_bed":6,"minecraft:grass":17,"minecraft:potatoes":1,"minecraft:oak_log":5,"minecraft:netherrack":33,"minecraft:oak_leaves":1},"minecraft:dropped":{"minecraft:stone_axe":1,"minecraft:wheat_seeds":15,"minecraft:stone_sword":2,"minecraft:rotten_flesh":14,"minecraft:oak_planks":1,"minecraft:poppy":2,"minecraft:dirt":2,"minecraft:stone_pickaxe":1,"minecraft:wooden_pickaxe":1,"minecraft:magma_block":10,"minecraft:bone":1},"minecraft:killed":{"minecraft:pig":4,"minecraft:zombified_piglin":6,"minecraft:iron_golem":2,"minecraft:sheep":2,"minecraft:skeleton":3,"minecraft:zombie":10,"minecraft:chicken":1,"minecraft:drowned":1,"minecraft:cow":10},"minecraft:crafted":{"minecraft:oak_planks":20,"minecraft:crafting_table":1,"minecraft:wooden_pickaxe":1,"minecraft:bucket":1,"minecraft:stone_axe":1,"minecraft:bread":30,"minecraft:stick":24,"minecraft:stone_pickaxe":1,"minecraft:stone_sword":1,"minecraft:wheat":90},"minecraft:used":{"minecraft:water_bucket":22,"minecraft:stone_sword":111,"minecraft:flint_and_steel":1,"minecraft:stone_pickaxe":95,"minecraft:wooden_pickaxe":3,"minecraft:iron_sword":25,"minecraft:netherrack":34,"minecraft:golden_hoe":13,"minecraft:dirt":14,"minecraft:crafting_table":2,"minecraft:carrot":1,"minecraft:golden_chestplate":1,"minecraft:lava_bucket":12,"minecraft:bread":24,"minecraft:iron_pickaxe":1,"minecraft:stone_axe":14,"minecraft:cobblestone":15,"minecraft:bucket":35},"minecraft:killed_by":{"minecraft:player":1,"minecraft:skeleton":2,"minecraft:creeper":2}},"DataVersion":3578}