{"stats":{"minecraft:custom":{"minecraft:interact_with_furnace":18,"minecraft:mob_kills":36,"minecraft:interact_with_crafting_table":39,"minecraft:leave_game":4,"minecraft:time_since_death":21784,"minecraft:sleep_in_bed":3,"minecraft:time_since_rest":0,"minecraft:sprint_one_cm":277730,"minecraft:damage_taken":10488,"minecraft:walk_one_cm":471124,"minecraft:damage_blocked_by_shield":2430,"minecraft:drop":6,"minecraft:damage_dealt":6271,"minecraft:fly_one_cm":122887,"minecraft:open_chest":13,"minecraft:crouch_one_cm":20190,"minecraft:play_time":185979,"minecraft:deaths":39,"minecraft:sneak_time":8695,"minecraft:walk_under_water_one_cm":5467,"minecraft:jump":1648,"minecraft:walk_on_water_one_cm":30316,"minecraft:total_world_time":185979,"minecraft:fall_one_cm":25073},"minecraft:picked_up":{"minecraft:crafting_table":9,"minecraft:chicken":1,"minecraft:glow_ink_sac":2,"minecraft:andesite":20,"minecraft:flint":4,"minecraft:tuff":61,"minecraft:oak_log":45,"minecraft:gunpowder":2,"minecraft:string":7,"minecraft:dirt":10,"minecraft:bone":23,"minecraft:apple":3,"minecraft:bow":1,"minecraft:wheat_seeds":1,"minecraft:cobbled_deepslate":271,"minecraft:iron_ingot":1,"minecraft:stone_pickaxe":1,"minecraft:iron_pickaxe":2,"minecraft:chest":2,"minecraft:oak_planks":4,"minecraft:furnace":1,"minecraft:stick":17,"minecraft:raw_iron":112,"minecraft:music_disc_13":1,"minecraft:torch":1,"minecraft:dandelion":1,"minecraft:gravel":32,"minecraft:diorite":31,"minecraft:white_bed":1,"minecraft:redstone":12,"minecraft:mossy_cobblestone":2,"minecraft:spider_eye":2,"minecraft:arrow":8,"minecraft:rotten_flesh":21,"minecraft:diamond":25,"minecraft:beetroot_seeds":2,"minecraft:granite":17,"minecraft:golden_horse_armor":1,"minecraft:oak_sapling":21,"minecraft:rail":2,"minecraft:mutton":4,"minecraft:coal":30,"minecraft:white_wool":4,"minecraft:cobblestone":237},"minecraft:mined":{"minecraft:deepslate_redstone_ore":2,"minecraft:tuff":63,"minecraft:white_bed":1,"minecraft:mossy_cobblestone":2,"minecraft:deepslate_diamond_ore":24,"minecraft:crafting_table":9,"minecraft:granite":16,"minecraft:grass_block":5,"minecraft:chest":2,"minecraft:tall_grass":2,"minecraft:cobblestone":17,"minecraft:diorite":31,"minecraft:wall_torch":1,"minecraft:furnace":1,"minecraft:iron_ore":79,"minecraft:cobbled_deepslate":3,"minecraft:fire":3,"minecraft:andesite":20,"minecraft:grass":9,"minecraft:coal_ore":20,"minecraft:oak_log":6,"minecraft:deepslate_iron_ore":31,"minecraft:gravel":32,"minecraft:dirt":4,"minecraft:cobweb":1,"minecraft:stone":223,"minecraft:oak_leaves":1,"minecraft:deepslate":277},"minecraft:dropped":{"minecraft:gravel":3,"minecraft:stone_pickaxe":1,"minecraft:iron_pickaxe":2},"minecraft:killed":{"minecraft:spider":3,"minecraft:skeleton":11,"minecraft:sheep":4,"minecraft:zombie":16},"minecraft:crafted":{"minecraft:oak_planks":44,"minecraft:crafting_table":3,"minecraft:wooden_pickaxe":1,"minecraft:iron_sword":1,"minecraft:furnace":2,"minecraft:air":0,"minecraft:iron_boots":1,"minecraft:iron_chestplate":1,"minecraft:charcoal":1,"minecraft:shield":1,"minecraft:stick":20,"minecraft:iron_ingot":27,"minecraft:iron_pickaxe":3,"minecraft:stone_pickaxe":3,"minecraft:wooden_axe":1,"minecraft:stone_sword":1,"minecraft:iron_leggings":1,"minecraft:white_bed":1,"minecraft:torch":76},"minecraft:broken":{"minecraft:stone_pickaxe":2,"minecraft:iron_boots":1,"minecraft:iron_pickaxe":2,"minecraft:iron_chestplate":1,"minecraft:wooden_axe":1,"minecraft:iron_leggings":1},"minecraft:used":{"minecraft:stone_sword":38,"minecraft:stone_pickaxe":323,"minecraft:shield":37,"minecraft:chest":4,"minecraft:wooden_pickaxe":10,"minecraft:iron_sword":204,"minecraft:iron_chestplate":1,"minecraft:torch":75,"minecraft:dirt":5,"minecraft:crafting_table":11,"minecraft:white_bed":2,"minecraft:wooden_axe":13,"minecraft:apple":3,"minecraft:iron_pickaxe":497,"minecraft:iron_boots":1,"minecraft:cobblestone":204,"minecraft:furnace":3,"minecraft:cobbled_deepslate":78,"minecraft:iron_leggings":1},"minecraft:killed_by":{"minecraft:player":1,"minecraft:skeleton":24,"minecraft:creeper":2,"minecraft:zombie":11}},"DataVersion":3578}