{"stats":{"minecraft:custom":{"minecraft:interact_with_furnace":16,"minecraft:mob_kills":9,"minecraft:interact_with_crafting_table":28,"minecraft:leave_game":4,"minecraft:time_since_death":311,"minecraft:sleep_in_bed":2,"minecraft:time_since_rest":379,"minecraft:sprint_one_cm":145567,"minecraft:damage_taken":2317,"minecraft:walk_one_cm":200143,"minecraft:drop":4,"minecraft:damage_dealt":1410,"minecraft:fly_one_cm":78438,"minecraft:open_chest":9,"minecraft:crouch_one_cm":9049,"minecraft:play_time":101979,"minecraft:deaths":9,"minecraft:sneak_time":5161,"minecraft:walk_under_water_one_cm":1840,"minecraft:jump":598,"minecraft:walk_on_water_one_cm":1275,"minecraft:total_world_time":101979,"minecraft:fall_one_cm":9023},"minecraft:mined":{"minecraft:white_bed":1,"minecraft:crafting_table":6,"minecraft:granite":14,"minecraft:grass_block":3,"minecraft:cobblestone":3,"minecraft:diorite":31,"minecraft:furnace":1,"minecraft:iron_ore":31,"minecraft:andesite":20,"minecraft:grass":3,"minecraft:coal_ore":20,"minecraft:oak_log":6,"minecraft:deepslate_iron_ore":5,"minecraft:gravel":21,"minecraft:dirt":4,"minecraft:stone":214,"minecraft:oak_leaves":1},"minecraft:picked_up":{"minecraft:crafting_table":6,"minecraft:chicken":1,"minecraft:andesite":20,"minecraft:flint":2,"minecraft:oak_log":45,"minecraft:dirt":8,"minecraft:apple":3,"minecraft:wheat_seeds":1,"minecraft:stone_pickaxe":1,"minecraft:oak_planks":2,"minecraft:furnace":1,"minecraft:stick":17,"minecraft:raw_iron":36,"minecraft:dandelion":1,"minecraft:gravel":22,"minecraft:diorite":31,"minecraft:white_bed":1,"minecraft:arrow":1,"minecraft:rotten_flesh":6,"minecraft:granite":15,"minecraft:oak_sapling":21,"minecraft:mutton":4,"minecraft:coal":30,"minecraft:white_wool":4,"minecraft:cobblestone":211},"minecraft:dropped":{"minecraft:gravel":3,"minecraft:stone_pickaxe":1},"minecraft:killed":{"minecraft:skeleton":1,"minecraft:sheep":4,"minecraft:zombie":4},"minecraft:crafted":{"minecraft:oak_planks":40,"minecraft:crafting_table":1,"minecraft:wooden_pickaxe":1,"minecraft:iron_sword":1,"minecraft:furnace":1,"minecraft:air":0,"minecraft:iron_boots":1,"minecraft:iron_chestplate":1,"minecraft:shield":1,"minecraft:stick":16,"minecraft:iron_ingot":27,"minecraft:iron_pickaxe":1,"minecraft:stone_pickaxe":3,"minecraft:wooden_axe":1,"minecraft:stone_sword":1,"minecraft:iron_leggings":1,"minecraft:white_bed":1,"minecraft:torch":64},"minecraft:broken":{"minecraft:stone_pickaxe":2,"minecraft:wooden_axe":1},"minecraft:used":{"minecraft:stone_sword":38,"minecraft:stone_pickaxe":322,"minecraft:chest":4,"minecraft:wooden_pickaxe":10,"minecraft:iron_sword":4,"minecraft:iron_chestplate":1,"minecraft:torch":64,"minecraft:dirt":5,"minecraft:crafting_table":7,"minecraft:white_bed":1,"minecraft:wooden_axe":13,"minecraft:apple":3,"minecraft:iron_pickaxe":24,"minecraft:iron_boots":1,"minecraft:cobblestone":5,"minecraft:furnace":2,"minecraft:iron_leggings":1},"minecraft:killed_by":{"minecraft:player":1,"minecraft:skeleton":2,"minecraft:creeper":2,"minecraft:zombie":4}},"DataVersion":3578}