{"stats":{"minecraft:custom":{"minecraft:interact_with_furnace":18,"minecraft:mob_kills":30,"minecraft:interact_with_crafting_table":37,"minecraft:leave_game":4,"minecraft:time_since_death":2335,"minecraft:sleep_in_bed":2,"minecraft:time_since_rest":2370,"minecraft:sprint_one_cm":183393,"minecraft:damage_taken":7371,"minecraft:walk_one_cm":297328,"minecraft:damage_blocked_by_shield":825,"minecraft:drop":5,"minecraft:damage_dealt":4858,"minecraft:fly_one_cm":101240,"minecraft:open_chest":13,"minecraft:crouch_one_cm":9255,"minecraft:play_time":137979,"minecraft:deaths":28,"minecraft:sneak_time":5330,"minecraft:walk_under_water_one_cm":3077,"minecraft:jump":1025,"minecraft:walk_on_water_one_cm":14997,"minecraft:total_world_time":137979,"minecraft:fall_one_cm":14596},"minecraft:mined":{"minecraft:tuff":11,"minecraft:white_bed":1,"minecraft:mossy_cobblestone":2,"minecraft:deepslate_diamond_ore":15,"minecraft:crafting_table":7,"minecraft:granite":14,"minecraft:grass_block":3,"minecraft:chest":2,"minecraft:cobblestone":16,"minecraft:diorite":31,"minecraft:wall_torch":1,"minecraft:furnace":1,"minecraft:iron_ore":39,"minecraft:cobbled_deepslate":3,"minecraft:fire":3,"minecraft:andesite":20,"minecraft:grass":3,"minecraft:coal_ore":20,"minecraft:oak_log":6,"minecraft:deepslate_iron_ore":6,"minecraft:gravel":32,"minecraft:dirt":4,"minecraft:stone":215,"minecraft:oak_leaves":1,"minecraft:deepslate":50},"minecraft:picked_up":{"minecraft:crafting_table":7,"minecraft:chicken":1,"minecraft:glow_ink_sac":1,"minecraft:andesite":20,"minecraft:flint":4,"minecraft:tuff":6,"minecraft:oak_log":45,"minecraft:gunpowder":2,"minecraft:string":5,"minecraft:dirt":8,"minecraft:bone":19,"minecraft:apple":3,"minecraft:bow":1,"minecraft:wheat_seeds":1,"minecraft:cobbled_deepslate":60,"minecraft:iron_ingot":1,"minecraft:stone_pickaxe":1,"minecraft:iron_pickaxe":1,"minecraft:chest":2,"minecraft:oak_planks":2,"minecraft:furnace":1,"minecraft:stick":17,"minecraft:raw_iron":45,"minecraft:music_disc_13":1,"minecraft:torch":1,"minecraft:dandelion":1,"minecraft:gravel":32,"minecraft:diorite":31,"minecraft:white_bed":1,"minecraft:mossy_cobblestone":2,"minecraft:spider_eye":1,"minecraft:arrow":5,"minecraft:rotten_flesh":17,"minecraft:diamond":16,"minecraft:beetroot_seeds":2,"minecraft:granite":15,"minecraft:golden_horse_armor":1,"minecraft:oak_sapling":21,"minecraft:mutton":4,"minecraft:coal":30,"minecraft:white_wool":4,"minecraft:cobblestone":225},"minecraft:dropped":{"minecraft:gravel":3,"minecraft:stone_pickaxe":1,"minecraft:iron_pickaxe":1},"minecraft:killed":{"minecraft:spider":1,"minecraft:skeleton":9,"minecraft:sheep":4,"minecraft:zombie":14},"minecraft:crafted":{"minecraft:oak_planks":40,"minecraft:crafting_table":2,"minecraft:wooden_pickaxe":1,"minecraft:iron_sword":1,"minecraft:furnace":2,"minecraft:air":0,"minecraft:iron_boots":1,"minecraft:iron_chestplate":1,"minecraft:charcoal":1,"minecraft:shield":1,"minecraft:stick":20,"minecraft:iron_ingot":27,"minecraft:iron_pickaxe":1,"minecraft:stone_pickaxe":3,"minecraft:wooden_axe":1,"minecraft:stone_sword":1,"minecraft:iron_leggings":1,"minecraft:white_bed":1,"minecraft:torch":76},"minecraft:broken":{"minecraft:stone_pickaxe":2,"minecraft:wooden_axe":1},"minecraft:used":{"minecraft:stone_sword":38,"minecraft:stone_pickaxe":323,"minecraft:shield":14,"minecraft:chest":4,"minecraft:wooden_pickaxe":10,"minecraft:iron_sword":153,"minecraft:iron_chestplate":1,"minecraft:torch":75,"minecraft:dirt":5,"minecraft:crafting_table":9,"minecraft:white_bed":1,"minecraft:wooden_axe":13,"minecraft:apple":3,"minecraft:iron_pickaxe":127,"minecraft:iron_boots":1,"minecraft:cobblestone":69,"minecraft:furnace":3,"minecraft:cobbled_deepslate":3,"minecraft:iron_leggings":1},"minecraft:killed_by":{"minecraft:player":1,"minecraft:skeleton":17,"minecraft:creeper":2,"minecraft:zombie":8}},"DataVersion":3578}