{"stats":{"minecraft:killed_by":{"minecraft:player":1,"minecraft:skeleton":24,"minecraft:creeper":2,"minecraft:zombie":12},"minecraft:broken":{"minecraft:stone_pickaxe":2,"minecraft:iron_boots":1,"minecraft:iron_pickaxe":2,"minecraft:iron_chestplate":1,"minecraft:wooden_axe":1,"minecraft:iron_leggings":1},"minecraft:picked_up":{"minecraft:crafting_table":9,"minecraft:chicken":1,"minecraft:glow_ink_sac":2,"minecraft:andesite":20,"minecraft:flint":4,"minecraft:tuff":61,"minecraft:oak_log":45,"minecraft:gunpowder":2,"minecraft:dirt":10,"minecraft:string":7,"minecraft:bone":23,"minecraft:apple":3,"minecraft:bow":1,"minecraft:wheat_seeds":2,"minecraft:cobbled_deepslate":271,"minecraft:iron_ingot":1,"minecraft:stone_pickaxe":1,"minecraft:iron_pickaxe":2,"minecraft:chest":2,"minecraft:oak_planks":4,"minecraft:furnace":1,"minecraft:stick":17,"minecraft:raw_iron":112,"minecraft:music_disc_13":1,"minecraft:sand":2,"minecraft:torch":1,"minecraft:dandelion":1,"minecraft:gravel":32,"minecraft:diorite":31,"minecraft:white_bed":1,"minecraft:carrot":7,"minecraft:redstone":12,"minecraft:spider_eye":2,"minecraft:mossy_cobblestone":2,"minecraft:arrow":8,"minecraft:rotten_flesh":24,"minecraft:diamond":25,"minecraft:beetroot_seeds":2,"minecraft:granite":17,"minecraft:golden_horse_armor":1,"minecraft:oak_sapling":21,"minecraft:mutton":4,"minecraft:coal":47,"minecraft:white_wool":4,"minecraft:rail":2,"minecraft:cobblestone":353},"minecraft:dropped":{"minecraft:gravel":3,"minecraft:stone_pickaxe":1,"minecraft:iron_pickaxe":2},"minecraft:mined":{"minecraft:deepslate_redstone_ore":2,"minecraft:tuff":63,"minecraft:white_bed":1,"minecraft:mossy_cobblestone":2,"minecraft:deepslate_diamond_ore":24,"minecraft:crafting_table":9,"minecraft:granite":16,"minecraft:grass_block":5,"minecraft:chest":2,"minecraft:tall_grass":5,"minecraft:cobblestone":21,"minecraft:diorite":31,"minecraft:wall_torch":1,"minecraft:furnace":1,"minecraft:carrots":2,"minecraft:iron_ore":79,"minecraft:fire":3,"minecraft:cobbled_deepslate":3,"minecraft:andesite":20,"minecraft:grass":11,"minecraft:oak_log":6,"minecraft:coal_ore":37,"minecraft:deepslate_iron_ore":31,"minecraft:sand":2,"minecraft:gravel":32,"minecraft:dirt":4,"minecraft:cobweb":1,"minecraft:stone":329,"minecraft:oak_leaves":1,"minecraft:deepslate":277},"minecraft:used":{"minecraft:stone_sword":38,"minecraft:diamond_boots":1,"minecraft:stone_pickaxe":323,"minecraft:chest":4,"minecraft:wooden_pickaxe":10,"minecraft:shield":42,"minecraft:iron_sword":204,"minecraft:iron_chestplate":1,"minecraft:torch":75,"minecraft:dirt":5,"minecraft:crafting_table":13,"minecraft:carrot":11,"minecraft:white_bed":2,"minecraft:wooden_axe":13,"minecraft:diamond_pickaxe":127,"minecraft:apple":3,"minecraft:iron_pickaxe":497,"minecraft:iron_boots":1,"minecraft:diamond_chestplate":1,"minecraft:diamond_sword":10,"minecraft:cobblestone":210,"minecraft:furnace":4,"minecraft:diamond_leggings":1,"minecraft:cobbled_deepslate":95,"minecraft:iron_leggings":1},"minecraft:crafted":{"minecraft:oak_slab":90,"minecraft:oak_planks":140,"minecraft:cobblestone_slab":66,"minecraft:diamond_sword":1,"minecraft:crafting_table":4,"minecraft:wooden_pickaxe":1,"minecraft:iron_sword":1,"minecraft:furnace":3,"minecraft:bucket":1,"minecraft:air":0,"minecraft:oak_trapdoor":2,"minecraft:iron_boots":1,"minecraft:diamond_leggings":1,"minecraft:iron_chestplate":1,"minecraft:charcoal":1,"minecraft:diamond_pickaxe":1,"minecraft:shield":1,"minecraft:iron_hoe":1,"minecraft:stick":52,"minecraft:iron_ingot":43,"minecraft:stone_pickaxe":3,"minecraft:iron_pickaxe":3,"minecraft:wooden_axe":1,"minecraft:stone_sword":1,"minecraft:diamond_boots":1,"minecraft:iron_leggings":1,"minecraft:white_bed":1,"minecraft:composter":2,"minecraft:torch":80,"minecraft:diamond_chestplate":1},"minecraft:killed":{"minecraft:spider":3,"minecraft:skeleton":11,"minecraft:sheep":4,"minecraft:zombie":19},"minecraft:custom":{"minecraft:interact_with_furnace":21,"minecraft:mob_kills":39,"minecraft:interact_with_crafting_table":67,"minecraft:bell_ring":1,"minecraft:leave_game":4,"minecraft:time_since_death":8356,"minecraft:sleep_in_bed":4,"minecraft:time_since_rest":8395,"minecraft:sprint_one_cm":301221,"minecraft:damage_taken":10880,"minecraft:walk_one_cm":540736,"minecraft:damage_blocked_by_shield":2655,"minecraft:drop":6,"minecraft:damage_dealt":6872,"minecraft:fly_one_cm":151117,"minecraft:open_chest":14,"minecraft:crouch_one_cm":20246,"minecraft:play_time":220272,"minecraft:sneak_time":8746,"minecraft:deaths":41,"minecraft:walk_under_water_one_cm":6706,"minecraft:jump":1807,"minecraft:walk_on_water_one_cm":33680,"minecraft:total_world_time":220272,"minecraft:fall_one_cm":27532}},"DataVersion":3578}