{"stats":{"minecraft:killed_by":{"minecraft:player":1,"minecraft:skeleton":24,"minecraft:creeper":2,"minecraft:zombie":12},"minecraft:broken":{"minecraft:stone_pickaxe":2,"minecraft:iron_boots":1,"minecraft:iron_pickaxe":2,"minecraft:iron_chestplate":1,"minecraft:wooden_axe":1,"minecraft:iron_leggings":1},"minecraft:picked_up":{"minecraft:crafting_table":9,"minecraft:feather":3,"minecraft:chicken":4,"minecraft:glow_ink_sac":2,"minecraft:andesite":20,"minecraft:flint":4,"minecraft:tuff":61,"minecraft:oak_log":45,"minecraft:gunpowder":2,"minecraft:cornflower":1,"minecraft:dirt":10,"minecraft:string":7,"minecraft:bone":24,"minecraft:apple":3,"minecraft:bow":1,"minecraft:wheat_seeds":2,"minecraft:cobbled_deepslate":271,"minecraft:iron_ingot":1,"minecraft:stone_pickaxe":1,"minecraft:iron_pickaxe":2,"minecraft:chest":2,"minecraft:oak_planks":4,"minecraft:egg":1,"minecraft:furnace":1,"minecraft:stick":17,"minecraft:raw_iron":112,"minecraft:music_disc_13":1,"minecraft:porkchop":1,"minecraft:sand":2,"minecraft:torch":1,"minecraft:dandelion":1,"minecraft:gravel":32,"minecraft:diorite":31,"minecraft:white_bed":3,"minecraft:carrot":7,"minecraft:redstone":12,"minecraft:spider_eye":2,"minecraft:mossy_cobblestone":2,"minecraft:arrow":9,"minecraft:rotten_flesh":25,"minecraft:diamond":25,"minecraft:beetroot_seeds":2,"minecraft:granite":17,"minecraft:golden_horse_armor":1,"minecraft:oak_sapling":21,"minecraft:mutton":21,"minecraft:coal":47,"minecraft:white_wool":15,"minecraft:rail":2,"minecraft:cobblestone":355},"minecraft:dropped":{"minecraft:gravel":3,"minecraft:stone_pickaxe":1,"minecraft:iron_pickaxe":2},"minecraft:mined":{"minecraft:deepslate_redstone_ore":2,"minecraft:tuff":63,"minecraft:white_bed":3,"minecraft:mossy_cobblestone":2,"minecraft:deepslate_diamond_ore":24,"minecraft:cornflower":1,"minecraft:crafting_table":9,"minecraft:granite":16,"minecraft:grass_block":5,"minecraft:chest":2,"minecraft:tall_grass":5,"minecraft:cobblestone":23,"minecraft:diorite":31,"minecraft:wall_torch":1,"minecraft:furnace":1,"minecraft:carrots":2,"minecraft:iron_ore":79,"minecraft:fire":3,"minecraft:cobbled_deepslate":3,"minecraft:andesite":20,"minecraft:grass":16,"minecraft:oak_log":6,"minecraft:coal_ore":37,"minecraft:deepslate_iron_ore":31,"minecraft:sand":2,"minecraft:gravel":32,"minecraft:dirt":4,"minecraft:cobweb":1,"minecraft:stone":329,"minecraft:oak_leaves":1,"minecraft:deepslate":277},"minecraft:used":{"minecraft:cooked_mutton":4,"minecraft:stone_sword":38,"minecraft:diamond_boots":1,"minecraft:stone_pickaxe":323,"minecraft:chest":4,"minecraft:wooden_pickaxe":10,"minecraft:shield":42,"minecraft:iron_sword":204,"minecraft:iron_chestplate":1,"minecraft:torch":75,"minecraft:dirt":5,"minecraft:crafting_table":13,"minecraft:carrot":11,"minecraft:white_bed":3,"minecraft:wooden_axe":13,"minecraft:diamond_pickaxe":129,"minecraft:apple":3,"minecraft:chicken":1,"minecraft:iron_pickaxe":497,"minecraft:iron_boots":1,"minecraft:diamond_chestplate":1,"minecraft:diamond_sword":42,"minecraft:cobblestone":211,"minecraft:furnace":5,"minecraft:diamond_leggings":1,"minecraft:cobbled_deepslate":95,"minecraft:iron_leggings":1},"minecraft:crafted":{"minecraft:oak_slab":90,"minecraft:oak_planks":140,"minecraft:cobblestone_slab":66,"minecraft:diamond_sword":1,"minecraft:crafting_table":4,"minecraft:wooden_pickaxe":1,"minecraft:iron_sword":1,"minecraft:furnace":4,"minecraft:bucket":1,"minecraft:cooked_mutton":4,"minecraft:air":0,"minecraft:oak_trapdoor":2,"minecraft:glass":2,"minecraft:iron_boots":1,"minecraft:diamond_leggings":1,"minecraft:iron_chestplate":1,"minecraft:charcoal":1,"minecraft:diamond_pickaxe":1,"minecraft:shield":1,"minecraft:iron_hoe":1,"minecraft:stick":52,"minecraft:iron_ingot":43,"minecraft:stone_pickaxe":3,"minecraft:iron_pickaxe":3,"minecraft:wooden_axe":1,"minecraft:stone_sword":1,"minecraft:diamond_boots":1,"minecraft:iron_leggings":1,"minecraft:white_bed":1,"minecraft:composter":2,"minecraft:torch":80,"minecraft:diamond_chestplate":1},"minecraft:killed":{"minecraft:pig":1,"minecraft:spider":3,"minecraft:skeleton":11,"minecraft:sheep":15,"minecraft:zombie":19,"minecraft:chicken":5},"minecraft:custom":{"minecraft:interact_with_furnace":28,"minecraft:mob_kills":56,"minecraft:interact_with_crafting_table":68,"minecraft:bell_ring":1,"minecraft:leave_game":4,"minecraft:time_since_death":3070,"minecraft:sleep_in_bed":5,"minecraft:time_since_rest":1890,"minecraft:sprint_one_cm":363693,"minecraft:damage_taken":11045,"minecraft:walk_one_cm":595660,"minecraft:damage_blocked_by_shield":2655,"minecraft:drop":6,"minecraft:damage_dealt":8112,"minecraft:fly_one_cm":209522,"minecraft:open_chest":15,"minecraft:crouch_one_cm":20246,"minecraft:play_time":232272,"minecraft:sneak_time":8746,"minecraft:deaths":42,"minecraft:walk_under_water_one_cm":6706,"minecraft:jump":2060,"minecraft:walk_on_water_one_cm":33680,"minecraft:total_world_time":232272,"minecraft:fall_one_cm":30934}},"DataVersion":3578}