{"stats":{"minecraft:custom":{"minecraft:interact_with_furnace":21,"minecraft:mob_kills":36,"minecraft:interact_with_crafting_table":54,"minecraft:leave_game":4,"minecraft:time_since_death":12537,"minecraft:sleep_in_bed":4,"minecraft:time_since_rest":653,"minecraft:sprint_one_cm":292858,"minecraft:damage_taken":10736,"minecraft:walk_one_cm":509492,"minecraft:damage_blocked_by_shield":2430,"minecraft:drop":6,"minecraft:damage_dealt":6271,"minecraft:fly_one_cm":145759,"minecraft:open_chest":13,"minecraft:crouch_one_cm":20190,"minecraft:play_time":209979,"minecraft:deaths":40,"minecraft:sneak_time":8740,"minecraft:walk_under_water_one_cm":5579,"minecraft:jump":1764,"minecraft:walk_on_water_one_cm":31718,"minecraft:total_world_time":209979,"minecraft:fall_one_cm":27532},"minecraft:picked_up":{"minecraft:crafting_table":9,"minecraft:chicken":1,"minecraft:glow_ink_sac":2,"minecraft:andesite":20,"minecraft:flint":4,"minecraft:tuff":61,"minecraft:oak_log":45,"minecraft:gunpowder":2,"minecraft:string":7,"minecraft:dirt":10,"minecraft:bone":23,"minecraft:apple":3,"minecraft:bow":1,"minecraft:wheat_seeds":1,"minecraft:cobbled_deepslate":271,"minecraft:iron_ingot":1,"minecraft:stone_pickaxe":1,"minecraft:iron_pickaxe":2,"minecraft:chest":2,"minecraft:oak_planks":4,"minecraft:furnace":1,"minecraft:stick":17,"minecraft:raw_iron":112,"minecraft:music_disc_13":1,"minecraft:torch":1,"minecraft:dandelion":1,"minecraft:gravel":32,"minecraft:diorite":31,"minecraft:white_bed":1,"minecraft:carrot":7,"minecraft:redstone":12,"minecraft:mossy_cobblestone":2,"minecraft:spider_eye":2,"minecraft:arrow":8,"minecraft:rotten_flesh":22,"minecraft:diamond":25,"minecraft:beetroot_seeds":2,"minecraft:granite":17,"minecraft:golden_horse_armor":1,"minecraft:oak_sapling":21,"minecraft:rail":2,"minecraft:mutton":4,"minecraft:coal":47,"minecraft:white_wool":4,"minecraft:cobblestone":351},"minecraft:mined":{"minecraft:deepslate_redstone_ore":2,"minecraft:tuff":63,"minecraft:white_bed":1,"minecraft:mossy_cobblestone":2,"minecraft:deepslate_diamond_ore":24,"minecraft:crafting_table":9,"minecraft:granite":16,"minecraft:grass_block":5,"minecraft:chest":2,"minecraft:tall_grass":2,"minecraft:cobblestone":19,"minecraft:diorite":31,"minecraft:wall_torch":1,"minecraft:furnace":1,"minecraft:carrots":2,"minecraft:iron_ore":79,"minecraft:cobbled_deepslate":3,"minecraft:fire":3,"minecraft:andesite":20,"minecraft:grass":9,"minecraft:coal_ore":37,"minecraft:oak_log":6,"minecraft:deepslate_iron_ore":31,"minecraft:gravel":32,"minecraft:dirt":4,"minecraft:cobweb":1,"minecraft:stone":329,"minecraft:oak_leaves":1,"minecraft:deepslate":277},"minecraft:dropped":{"minecraft:gravel":3,"minecraft:stone_pickaxe":1,"minecraft:iron_pickaxe":2},"minecraft:killed":{"minecraft:spider":3,"minecraft:skeleton":11,"minecraft:sheep":4,"minecraft:zombie":16},"minecraft:crafted":{"minecraft:oak_slab":42,"minecraft:oak_planks":80,"minecraft:diamond_sword":1,"minecraft:crafting_table":3,"minecraft:wooden_pickaxe":1,"minecraft:iron_sword":1,"minecraft:furnace":3,"minecraft:air":0,"minecraft:diamond_pickaxe":1,"minecraft:diamond_leggings":1,"minecraft:iron_boots":1,"minecraft:iron_chestplate":1,"minecraft:charcoal":1,"minecraft:shield":1,"minecraft:stick":52,"minecraft:iron_ingot":43,"minecraft:iron_pickaxe":3,"minecraft:stone_pickaxe":3,"minecraft:wooden_axe":1,"minecraft:stone_sword":1,"minecraft:diamond_boots":1,"minecraft:iron_leggings":1,"minecraft:white_bed":1,"minecraft:torch":76,"minecraft:diamond_chestplate":1},"minecraft:broken":{"minecraft:stone_pickaxe":2,"minecraft:iron_boots":1,"minecraft:iron_pickaxe":2,"minecraft:iron_chestplate":1,"minecraft:wooden_axe":1,"minecraft:iron_leggings":1},"minecraft:used":{"minecraft:diamond_boots":1,"minecraft:stone_sword":38,"minecraft:stone_pickaxe":323,"minecraft:shield":37,"minecraft:chest":4,"minecraft:wooden_pickaxe":10,"minecraft:iron_sword":204,"minecraft:iron_chestplate":1,"minecraft:torch":75,"minecraft:dirt":5,"minecraft:crafting_table":12,"minecraft:carrot":11,"minecraft:white_bed":2,"minecraft:wooden_axe":13,"minecraft:diamond_pickaxe":125,"minecraft:apple":3,"minecraft:iron_pickaxe":497,"minecraft:iron_boots":1,"minecraft:diamond_chestplate":1,"minecraft:cobblestone":209,"minecraft:furnace":4,"minecraft:diamond_leggings":1,"minecraft:cobbled_deepslate":95,"minecraft:iron_leggings":1},"minecraft:killed_by":{"minecraft:player":1,"minecraft:skeleton":24,"minecraft:creeper":2,"minecraft:zombie":11}},"DataVersion":3578}