{"stats":{"minecraft:custom":{"minecraft:interact_with_crafting_table":267,"minecraft:open_barrel":91,"minecraft:bell_ring":1,"minecraft:leave_game":24,"minecraft:time_since_death":80205,"minecraft:sprint_one_cm":1194460,"minecraft:damage_blocked_by_shield":2655,"minecraft:drop":107,"minecraft:talked_to_villager":3,"minecraft:play_time":1338264,"minecraft:deaths":108,"minecraft:jump":11106,"minecraft:walk_on_water_one_cm":130707,"minecraft:interact_with_furnace":73,"minecraft:sleep_in_bed":75,"minecraft:damage_dealt":22101,"minecraft:crouch_one_cm":103406,"minecraft:inspect_dispenser":3,"minecraft:horse_one_cm":460,"minecraft:mob_kills":123,"minecraft:interact_with_anvil":4,"minecraft:inspect_hopper":3,"minecraft:climb_one_cm":804,"minecraft:walk_one_cm":5752519,"minecraft:sneak_time":35244,"minecraft:walk_under_water_one_cm":31358,"minecraft:boat_one_cm":195960,"minecraft:total_world_time":1338264,"minecraft:interact_with_stonecutter":3,"minecraft:time_since_rest":10750,"minecraft:damage_taken":28890,"minecraft:swim_one_cm":10378,"minecraft:fly_one_cm":1046555,"minecraft:open_chest":163,"minecraft:fall_one_cm":181856},"minecraft:picked_up":{"minecraft:wheat":3,"minecraft:oak_stairs":2,"minecraft:string":36,"minecraft:raw_copper":26,"minecraft:gold_nugget":53,"minecraft:cobbled_deepslate":514,"minecraft:bucket":3,"minecraft:redstone_torch":3,"minecraft:rose_bush":2,"minecraft:cobblestone_slab":27,"minecraft:iron_pickaxe":2,"minecraft:furnace":2,"minecraft:stick":528,"minecraft:music_disc_blocks":1,"minecraft:composter":2,"minecraft:torch":15,"minecraft:spruce_stairs":4,"minecraft:porkchop":3,"minecraft:diorite":67,"minecraft:stone_sword":2,"minecraft:rotten_flesh":83,"minecraft:white_terracotta":8,"minecraft:cobblestone":5360,"minecraft:birch_log":7,"minecraft:feather":13,"minecraft:andesite":109,"minecraft:golden_leggings":1,"minecraft:potato":1,"minecraft:flint":10,"minecraft:tuff":71,"minecraft:lapis_lazuli":419,"minecraft:dirt":13109,"minecraft:name_tag":5,"minecraft:bone":86,"minecraft:stonecutter":1,"minecraft:bow":3,"minecraft:wheat_seeds":249,"minecraft:raw_gold":1,"minecraft:oak_planks":36,"minecraft:music_disc_13":1,"minecraft:sand":9,"minecraft:dark_oak_log":799,"minecraft:mossy_cobblestone":8,"minecraft:iron_hoe":3,"minecraft:spruce_fence_gate":2,"minecraft:diamond":30,"minecraft:granite":90,"minecraft:golden_horse_armor":3,"minecraft:oak_sapling":443,"minecraft:netherrack":3,"minecraft:dark_oak_fence":1,"minecraft:diamond_pickaxe":2,"minecraft:crafting_table":16,"minecraft:azure_bluet":1,"minecraft:chicken":8,"minecraft:wooden_pickaxe":5,"minecraft:shield":2,"minecraft:cornflower":3,"minecraft:oak_trapdoor":2,"minecraft:oak_boat":9,"minecraft:poppy":2,"minecraft:minecart":5,"minecraft:chest":9,"minecraft:birch_sapling":3,"minecraft:egg":5,"minecraft:dark_oak_sapling":84,"minecraft:raw_iron":259,"minecraft:spruce_fence":3,"minecraft:carrot":176,"minecraft:redstone":85,"minecraft:iron_horse_armor":4,"minecraft:arrow":39,"minecraft:stone_shovel":1,"minecraft:beetroot_seeds":6,"minecraft:stripped_dark_oak_wood":22,"minecraft:mutton":59,"minecraft:white_wool":23,"minecraft:rail":47,"minecraft:oxeye_daisy":2,"minecraft:glow_ink_sac":6,"minecraft:oak_log":1023,"minecraft:gunpowder":31,"minecraft:yellow_bed":23,"minecraft:cobblestone_wall":2,"minecraft:apple":64,"minecraft:stone_pickaxe":2,"minecraft:iron_ingot":6,"minecraft:soul_sand":1,"minecraft:oak_slab":9,"minecraft:dandelion":13,"minecraft:gravel":133,"minecraft:spruce_sapling":256,"minecraft:white_bed":51,"minecraft:spruce_log":1295,"minecraft:spider_eye":7,"minecraft:oak_wood":24,"minecraft:pumpkin_seeds":4,"minecraft:oak_button":4,"minecraft:coal":199},"minecraft:killed_by":{"minecraft:creeper":5,"minecraft:pillager":10,"minecraft:zombie":21,"minecraft:player":1,"minecraft:spider":5,"minecraft:skeleton":38},"minecraft:killed":{"minecraft:spider":11,"minecraft:skeleton":23,"minecraft:chicken":6,"minecraft:pig":1,"minecraft:iron_golem":1,"minecraft:creeper":3,"minecraft:sheep":17,"minecraft:pillager":9,"minecraft:zombie":44,"minecraft:villager":1},"minecraft:broken":{"minecraft:iron_shovel":25,"minecraft:iron_boots":1,"minecraft:iron_chestplate":1,"minecraft:iron_leggings":1,"minecraft:stone_pickaxe":7,"minecraft:stone_axe":19,"minecraft:wooden_axe":1,"minecraft:stone_shovel":23,"minecraft:iron_axe":1,"minecraft:iron_pickaxe":14},"minecraft:dropped":{"minecraft:lapis_lazuli":63,"minecraft:oak_log":1,"minecraft:iron_horse_armor":2,"minecraft:dirt":403,"minecraft:cornflower":2,"minecraft:iron_pickaxe":2,"minecraft:gravel":46,"minecraft:birch_sapling":1,"minecraft:azure_bluet":1,"minecraft:carrot":2,"minecraft:poppy":2,"minecraft:oak_wood":1,"minecraft:chest":2,"minecraft:wheat_seeds":30,"minecraft:minecart":1,"minecraft:feather":2,"minecraft:apple":1,"minecraft:oxeye_daisy":1,"minecraft:bucket":2,"minecraft:stone_shovel":1,"minecraft:pumpkin_seeds":2,"minecraft:diamond_pickaxe":1,"minecraft:oak_sapling":3,"minecraft:spider_eye":2,"minecraft:stone_pickaxe":1,"minecraft:wooden_pickaxe":3},"minecraft:used":{"minecraft:iron_shovel":6457,"minecraft:dispenser":1,"minecraft:spruce_slab":8,"minecraft:oak_sign":5,"minecraft:chest":25,"minecraft:shield":42,"minecraft:iron_sword":204,"minecraft:zombie_spawn_egg":1,"minecraft:iron_chestplate":1,"minecraft:soul_sand":1,"minecraft:carrot":183,"minecraft:tuff":71,"minecraft:glass":9,"minecraft:lava_bucket":1,"minecraft:stripped_dark_oak_wood":21,"minecraft:villager_spawn_egg":14,"minecraft:grass_block":5,"minecraft:dark_oak_wood":21,"minecraft:furnace":7,"minecraft:oak_sapling":74,"minecraft:diorite":61,"minecraft:diamond_boots":1,"minecraft:powered_rail":6,"minecraft:stone_pickaxe":1041,"minecraft:oak_planks":18,"minecraft:wooden_pickaxe":26,"minecraft:composter":4,"minecraft:white_wool":6,"minecraft:redstone_torch":5,"minecraft:diamond_sword":487,"minecraft:dark_oak_fence":5,"minecraft:andesite":52,"minecraft:oak_boat":4,"minecraft:oak_trapdoor":4,"minecraft:stone_sword":38,"minecraft:flint_and_steel":1,"minecraft:stone_shovel":3369,"minecraft:spruce_planks":55,"minecraft:torch":81,"minecraft:dirt":3871,"minecraft:anvil":1,"minecraft:hopper":3,"minecraft:spruce_stairs":14,"minecraft:cobblestone_wall":86,"minecraft:oak_wood":592,"minecraft:spruce_fence":27,"minecraft:iron_hoe":124,"minecraft:wooden_axe":13,"minecraft:iron_axe":36,"minecraft:iron_boots":1,"minecraft:barrel":8,"minecraft:diamond_chestplate":1,"minecraft:cobbled_deepslate":262,"minecraft:iron_leggings":1,"minecraft:cooked_mutton":4,"minecraft:water_bucket":12,"minecraft:spruce_fence_gate":6,"minecraft:stonecutter":1,"minecraft:cobblestone_slab":93,"minecraft:rail":95,"minecraft:crafting_table":22,"minecraft:white_bed":56,"minecraft:spruce_log":5,"minecraft:oak_log":4,"minecraft:diamond_pickaxe":990,"minecraft:apple":10,"minecraft:chicken":1,"minecraft:oak_button":8,"minecraft:iron_pickaxe":3940,"minecraft:stone_axe":343,"minecraft:cobblestone":818,"minecraft:bucket":13,"minecraft:yellow_bed":23,"minecraft:diamond_leggings":1},"minecraft:crafted":{"minecraft:oak_planks":464,"minecraft:cobblestone_slab":72,"minecraft:barrel":8,"minecraft:oak_sign":6,"minecraft:dark_oak_wood":21,"minecraft:cooked_mutton":4,"minecraft:hopper":3,"minecraft:glass":9,"minecraft:iron_boots":1,"minecraft:diamond_leggings":1,"minecraft:chest":17,"minecraft:oak_button":4,"minecraft:rail":64,"minecraft:oak_slab":216,"minecraft:crafting_table":8,"minecraft:spruce_planks":192,"minecraft:wooden_pickaxe":1,"minecraft:oak_wood":588,"minecraft:dispenser":1,"minecraft:iron_chestplate":1,"minecraft:diamond_pickaxe":1,"minecraft:charcoal":1,"minecraft:shield":1,"minecraft:stick":196,"minecraft:iron_ingot":173,"minecraft:iron_pickaxe":16,"minecraft:iron_block":3,"minecraft:stone_sword":1,"minecraft:gold_ingot":6,"minecraft:redstone_torch":8,"minecraft:composter":2,"minecraft:spruce_fence_gate":4,"minecraft:stone_shovel":40,"minecraft:furnace":5,"minecraft:spruce_fence":36,"minecraft:oak_trapdoor":2,"minecraft:flint_and_steel":1,"minecraft:spruce_stairs":12,"minecraft:dark_oak_fence":6,"minecraft:iron_axe":1,"minecraft:iron_hoe":1,"minecraft:spruce_slab":12,"minecraft:stone_pickaxe":10,"minecraft:cobblestone_wall":50,"minecraft:diamond_boots":1,"minecraft:dark_oak_planks":144,"minecraft:minecart":1,"minecraft:diamond_sword":1,"minecraft:powered_rail":6,"minecraft:iron_sword":1,"minecraft:bucket":2,"minecraft:stone_axe":31,"minecraft:air":0,"minecraft:oak_boat":2,"minecraft:wooden_axe":1,"minecraft:iron_shovel":25,"minecraft:iron_leggings":1,"minecraft:anvil":1,"minecraft:white_bed":5,"minecraft:torch":84,"minecraft:diamond_chestplate":1},"minecraft:mined":{"minecraft:white_bed":49,"minecraft:farmland":15,"minecraft:granite":34,"minecraft:grass_block":6745,"minecraft:composter":2,"minecraft:oxeye_daisy":1,"minecraft:iron_ore":136,"minecraft:cobbled_deepslate":74,"minecraft:fire":3,"minecraft:deepslate_lapis_ore":14,"minecraft:stripped_dark_oak_wood":22,"minecraft:azure_bluet":1,"minecraft:dirt_path":46,"minecraft:oak_stairs":1,"minecraft:deepslate_redstone_ore":10,"minecraft:poppy":1,"minecraft:chest":5,"minecraft:dead_bush":1,"minecraft:glass":2,"minecraft:nether_quartz_ore":7,"minecraft:cobblestone":117,"minecraft:oak_planks":6,"minecraft:wall_torch":2,"minecraft:deepslate_copper_ore":2,"minecraft:white_terracotta":1,"minecraft:grass":700,"minecraft:oak_log":69,"minecraft:sand":8,"minecraft:dirt":2141,"minecraft:stonecutter":1,"minecraft:netherrack":9,"minecraft:oak_leaves":35,"minecraft:deepslate":314,"minecraft:nether_gold_ore":11,"minecraft:tuff":73,"minecraft:mossy_cobblestone":2,"minecraft:dark_oak_leaves":1,"minecraft:deepslate_diamond_ore":28,"minecraft:dark_oak_log":115,"minecraft:glow_lichen":1,"minecraft:dark_oak_fence":1,"minecraft:spruce_fence":3,"minecraft:spruce_leaves":18,"minecraft:large_fern":3,"minecraft:redstone_ore":1,"minecraft:oak_trapdoor":2,"minecraft:furnace":1,"minecraft:carrots":74,"minecraft:andesite":81,"minecraft:deepslate_iron_ore":75,"minecraft:cobblestone_slab":26,"minecraft:rail":26,"minecraft:stone":4596,"minecraft:white_wool":6,"minecraft:soul_sand":1,"minecraft:dandelion":12,"minecraft:crafting_table":15,"minecraft:cornflower":3,"minecraft:oak_wood":24,"minecraft:rose_bush":12,"minecraft:tall_grass":49,"minecraft:copper_ore":5,"minecraft:lapis_ore":22,"minecraft:deepslate_gold_ore":1,"minecraft:diorite":73,"minecraft:spruce_stairs":4,"minecraft:cobblestone_wall":2,"minecraft:spruce_log":114,"minecraft:birch_leaves":2,"minecraft:yellow_bed":23,"minecraft:coal_ore":181,"minecraft:gravel":42,"minecraft:cobweb":1,"minecraft:oak_button":4,"minecraft:spruce_fence_gate":2,"minecraft:fern":10}},"DataVersion":3578}