{"stats":{"minecraft:custom":{"minecraft:mob_kills":61,"minecraft:interact_with_crafting_table":76,"minecraft:bell_ring":1,"minecraft:leave_game":5,"minecraft:time_since_death":1757,"minecraft:sprint_one_cm":436864,"minecraft:walk_one_cm":855342,"minecraft:damage_blocked_by_shield":2655,"minecraft:drop":6,"minecraft:talked_to_villager":1,"minecraft:play_time":324431,"minecraft:deaths":50,"minecraft:sneak_time":15547,"minecraft:walk_under_water_one_cm":16306,"minecraft:jump":2791,"minecraft:walk_on_water_one_cm":76428,"minecraft:total_world_time":324431,"minecraft:interact_with_furnace":32,"minecraft:sleep_in_bed":10,"minecraft:time_since_rest":2429,"minecraft:damage_taken":13295,"minecraft:damage_dealt":9338,"minecraft:fly_one_cm":317040,"minecraft:open_chest":15,"minecraft:crouch_one_cm":44695,"minecraft:fall_one_cm":46403},"minecraft:mined":{"minecraft:tuff":73,"minecraft:white_bed":8,"minecraft:farmland":1,"minecraft:mossy_cobblestone":2,"minecraft:deepslate_diamond_ore":24,"minecraft:granite":30,"minecraft:grass_block":23,"minecraft:composter":2,"minecraft:oak_trapdoor":2,"minecraft:furnace":1,"minecraft:carrots":33,"minecraft:iron_ore":79,"minecraft:cobbled_deepslate":49,"minecraft:fire":3,"minecraft:andesite":50,"minecraft:deepslate_iron_ore":31,"minecraft:cobblestone_slab":22,"minecraft:stone":427,"minecraft:deepslate_redstone_ore":10,"minecraft:crafting_table":10,"minecraft:cornflower":1,"minecraft:chest":2,"minecraft:nether_quartz_ore":7,"minecraft:tall_grass":5,"minecraft:cobblestone":60,"minecraft:deepslate_gold_ore":1,"minecraft:oak_planks":3,"minecraft:diorite":60,"minecraft:wall_torch":1,"minecraft:grass":77,"minecraft:oak_log":6,"minecraft:coal_ore":37,"minecraft:gravel":41,"minecraft:sand":2,"minecraft:dirt":69,"minecraft:cobweb":1,"minecraft:netherrack":4,"minecraft:oak_leaves":1,"minecraft:deepslate":277},"minecraft:picked_up":{"minecraft:crafting_table":10,"minecraft:wheat":1,"minecraft:chicken":4,"minecraft:cornflower":1,"minecraft:oak_trapdoor":2,"minecraft:string":7,"minecraft:cobbled_deepslate":319,"minecraft:cobblestone_slab":21,"minecraft:iron_pickaxe":2,"minecraft:chest":2,"minecraft:egg":1,"minecraft:furnace":1,"minecraft:stick":17,"minecraft:raw_iron":112,"minecraft:composter":2,"minecraft:torch":1,"minecraft:porkchop":1,"minecraft:diorite":60,"minecraft:carrot":58,"minecraft:redstone":48,"minecraft:arrow":9,"minecraft:rotten_flesh":26,"minecraft:beetroot_seeds":2,"minecraft:mutton":21,"minecraft:rail":2,"minecraft:white_wool":15,"minecraft:cobblestone":492,"minecraft:feather":3,"minecraft:glow_ink_sac":2,"minecraft:andesite":51,"minecraft:flint":4,"minecraft:tuff":71,"minecraft:oak_log":45,"minecraft:gunpowder":2,"minecraft:dirt":93,"minecraft:bone":24,"minecraft:apple":3,"minecraft:bow":1,"minecraft:wheat_seeds":11,"minecraft:raw_gold":1,"minecraft:stone_pickaxe":1,"minecraft:iron_ingot":1,"minecraft:oak_planks":7,"minecraft:music_disc_13":1,"minecraft:dandelion":1,"minecraft:gravel":41,"minecraft:sand":2,"minecraft:white_bed":8,"minecraft:spider_eye":2,"minecraft:mossy_cobblestone":2,"minecraft:diamond":25,"minecraft:granite":33,"minecraft:golden_horse_armor":1,"minecraft:oak_sapling":21,"minecraft:coal":47},"minecraft:dropped":{"minecraft:iron_pickaxe":2,"minecraft:gravel":3,"minecraft:stone_pickaxe":1},"minecraft:killed":{"minecraft:spider":3,"minecraft:skeleton":11,"minecraft:chicken":5,"minecraft:pig":1,"minecraft:sheep":15,"minecraft:pillager":2,"minecraft:zombie":22},"minecraft:crafted":{"minecraft:oak_planks":140,"minecraft:cobblestone_slab":66,"minecraft:furnace":4,"minecraft:cooked_mutton":4,"minecraft:flint_and_steel":1,"minecraft:oak_trapdoor":2,"minecraft:glass":2,"minecraft:diamond_leggings":1,"minecraft:iron_boots":1,"minecraft:iron_hoe":1,"minecraft:stone_pickaxe":3,"minecraft:diamond_boots":1,"minecraft:oak_slab":90,"minecraft:diamond_sword":1,"minecraft:crafting_table":5,"minecraft:wooden_pickaxe":1,"minecraft:iron_sword":1,"minecraft:bucket":1,"minecraft:air":0,"minecraft:iron_chestplate":1,"minecraft:diamond_pickaxe":1,"minecraft:charcoal":1,"minecraft:shield":1,"minecraft:stick":56,"minecraft:iron_ingot":64,"minecraft:iron_pickaxe":3,"minecraft:wooden_axe":1,"minecraft:stone_sword":1,"minecraft:iron_leggings":1,"minecraft:white_bed":4,"minecraft:composter":2,"minecraft:torch":84,"minecraft:diamond_chestplate":1},"minecraft:broken":{"minecraft:iron_boots":1,"minecraft:iron_chestplate":1,"minecraft:iron_leggings":1,"minecraft:stone_pickaxe":2,"minecraft:iron_pickaxe":2,"minecraft:wooden_axe":1},"minecraft:used":{"minecraft:oak_trapdoor":4,"minecraft:stone_sword":38,"minecraft:flint_and_steel":1,"minecraft:chest":4,"minecraft:shield":42,"minecraft:iron_sword":204,"minecraft:iron_chestplate":1,"minecraft:torch":81,"minecraft:dirt":86,"minecraft:carrot":64,"minecraft:tuff":71,"minecraft:iron_hoe":110,"minecraft:glass":2,"minecraft:wooden_axe":13,"minecraft:iron_boots":1,"minecraft:diamond_chestplate":1,"minecraft:furnace":5,"minecraft:cobbled_deepslate":173,"minecraft:iron_leggings":1,"minecraft:cooked_mutton":4,"minecraft:water_bucket":9,"minecraft:diorite":60,"minecraft:diamond_boots":1,"minecraft:stone_pickaxe":323,"minecraft:oak_planks":18,"minecraft:wooden_pickaxe":10,"minecraft:composter":4,"minecraft:cobblestone_slab":85,"minecraft:white_wool":2,"minecraft:crafting_table":14,"minecraft:white_bed":8,"minecraft:diamond_pickaxe":443,"minecraft:apple":3,"minecraft:chicken":1,"minecraft:iron_pickaxe":497,"minecraft:diamond_sword":92,"minecraft:cobblestone":421,"minecraft:bucket":9,"minecraft:andesite":51,"minecraft:diamond_leggings":1},"minecraft:killed_by":{"minecraft:player":1,"minecraft:creeper":3,"minecraft:skeleton":26,"minecraft:zombie":13}},"DataVersion":3578}