{"stats":{"minecraft:killed_by":{"minecraft:player":1,"minecraft:creeper":2,"minecraft:skeleton":24,"minecraft:zombie":12},"minecraft:broken":{"minecraft:iron_boots":1,"minecraft:iron_chestplate":1,"minecraft:iron_leggings":1,"minecraft:stone_pickaxe":2,"minecraft:iron_pickaxe":2,"minecraft:wooden_axe":1},"minecraft:picked_up":{"minecraft:crafting_table":9,"minecraft:wheat":1,"minecraft:chicken":4,"minecraft:cornflower":1,"minecraft:oak_trapdoor":2,"minecraft:string":7,"minecraft:cobbled_deepslate":278,"minecraft:cobblestone_slab":20,"minecraft:iron_pickaxe":2,"minecraft:chest":2,"minecraft:furnace":1,"minecraft:egg":1,"minecraft:raw_iron":112,"minecraft:stick":17,"minecraft:composter":2,"minecraft:torch":1,"minecraft:porkchop":1,"minecraft:diorite":53,"minecraft:carrot":51,"minecraft:redstone":12,"minecraft:arrow":9,"minecraft:rotten_flesh":25,"minecraft:beetroot_seeds":2,"minecraft:mutton":21,"minecraft:rail":2,"minecraft:white_wool":15,"minecraft:cobblestone":385,"minecraft:feather":3,"minecraft:glow_ink_sac":2,"minecraft:andesite":45,"minecraft:flint":4,"minecraft:tuff":69,"minecraft:oak_log":45,"minecraft:gunpowder":2,"minecraft:dirt":77,"minecraft:bone":24,"minecraft:apple":3,"minecraft:bow":1,"minecraft:wheat_seeds":11,"minecraft:stone_pickaxe":1,"minecraft:iron_ingot":1,"minecraft:oak_planks":4,"minecraft:music_disc_13":1,"minecraft:dandelion":1,"minecraft:gravel":32,"minecraft:sand":2,"minecraft:white_bed":7,"minecraft:spider_eye":2,"minecraft:mossy_cobblestone":2,"minecraft:diamond":25,"minecraft:granite":17,"minecraft:golden_horse_armor":1,"minecraft:oak_sapling":21,"minecraft:coal":47},"minecraft:dropped":{"minecraft:iron_pickaxe":2,"minecraft:gravel":3,"minecraft:stone_pickaxe":1},"minecraft:mined":{"minecraft:tuff":71,"minecraft:white_bed":7,"minecraft:farmland":1,"minecraft:mossy_cobblestone":2,"minecraft:deepslate_diamond_ore":24,"minecraft:granite":16,"minecraft:grass_block":18,"minecraft:composter":2,"minecraft:oak_trapdoor":2,"minecraft:furnace":1,"minecraft:carrots":31,"minecraft:cobbled_deepslate":10,"minecraft:iron_ore":79,"minecraft:fire":3,"minecraft:andesite":45,"minecraft:cobblestone_slab":21,"minecraft:deepslate_iron_ore":31,"minecraft:stone":335,"minecraft:deepslate_redstone_ore":2,"minecraft:crafting_table":9,"minecraft:cornflower":1,"minecraft:chest":2,"minecraft:tall_grass":5,"minecraft:cobblestone":48,"minecraft:diorite":54,"minecraft:wall_torch":1,"minecraft:grass":75,"minecraft:coal_ore":37,"minecraft:oak_log":6,"minecraft:gravel":32,"minecraft:sand":2,"minecraft:dirt":56,"minecraft:cobweb":1,"minecraft:oak_leaves":1,"minecraft:deepslate":277},"minecraft:used":{"minecraft:oak_trapdoor":4,"minecraft:stone_sword":38,"minecraft:chest":4,"minecraft:shield":42,"minecraft:iron_sword":204,"minecraft:iron_chestplate":1,"minecraft:torch":79,"minecraft:dirt":50,"minecraft:carrot":56,"minecraft:tuff":57,"minecraft:iron_hoe":110,"minecraft:glass":2,"minecraft:wooden_axe":13,"minecraft:iron_boots":1,"minecraft:diamond_chestplate":1,"minecraft:furnace":5,"minecraft:cobbled_deepslate":160,"minecraft:iron_leggings":1,"minecraft:cooked_mutton":4,"minecraft:water_bucket":6,"minecraft:diorite":53,"minecraft:diamond_boots":1,"minecraft:stone_pickaxe":323,"minecraft:wooden_pickaxe":10,"minecraft:composter":4,"minecraft:cobblestone_slab":81,"minecraft:white_wool":2,"minecraft:crafting_table":13,"minecraft:white_bed":7,"minecraft:diamond_pickaxe":247,"minecraft:apple":3,"minecraft:chicken":1,"minecraft:iron_pickaxe":497,"minecraft:diamond_sword":52,"minecraft:cobblestone":311,"minecraft:bucket":6,"minecraft:andesite":33,"minecraft:diamond_leggings":1},"minecraft:crafted":{"minecraft:oak_planks":140,"minecraft:cobblestone_slab":66,"minecraft:furnace":4,"minecraft:cooked_mutton":4,"minecraft:oak_trapdoor":2,"minecraft:glass":2,"minecraft:diamond_leggings":1,"minecraft:iron_boots":1,"minecraft:iron_hoe":1,"minecraft:stone_pickaxe":3,"minecraft:diamond_boots":1,"minecraft:oak_slab":90,"minecraft:diamond_sword":1,"minecraft:crafting_table":4,"minecraft:wooden_pickaxe":1,"minecraft:iron_sword":1,"minecraft:bucket":1,"minecraft:air":0,"minecraft:iron_chestplate":1,"minecraft:diamond_pickaxe":1,"minecraft:charcoal":1,"minecraft:shield":1,"minecraft:stick":52,"minecraft:iron_ingot":43,"minecraft:iron_pickaxe":3,"minecraft:wooden_axe":1,"minecraft:stone_sword":1,"minecraft:iron_leggings":1,"minecraft:white_bed":4,"minecraft:composter":2,"minecraft:torch":80,"minecraft:diamond_chestplate":1},"minecraft:killed":{"minecraft:spider":3,"minecraft:skeleton":11,"minecraft:chicken":5,"minecraft:pig":1,"minecraft:sheep":15,"minecraft:pillager":1,"minecraft:zombie":19},"minecraft:custom":{"minecraft:mob_kills":57,"minecraft:interact_with_crafting_table":69,"minecraft:bell_ring":1,"minecraft:leave_game":4,"minecraft:time_since_death":3064,"minecraft:sprint_one_cm":381564,"minecraft:walk_one_cm":746748,"minecraft:damage_blocked_by_shield":2655,"minecraft:drop":6,"minecraft:talked_to_villager":1,"minecraft:play_time":274272,"minecraft:deaths":43,"minecraft:sneak_time":11748,"minecraft:walk_under_water_one_cm":15359,"minecraft:jump":2305,"minecraft:walk_on_water_one_cm":51306,"minecraft:total_world_time":274272,"minecraft:interact_with_furnace":28,"minecraft:sleep_in_bed":9,"minecraft:time_since_rest":2675,"minecraft:damage_taken":11254,"minecraft:damage_dealt":8352,"minecraft:fly_one_cm":231764,"minecraft:open_chest":15,"minecraft:crouch_one_cm":33453,"minecraft:fall_one_cm":33030}},"DataVersion":3578}