{"stats":{"minecraft:killed_by":{"minecraft:player":1,"minecraft:creeper":2,"minecraft:skeleton":24,"minecraft:zombie":12},"minecraft:broken":{"minecraft:iron_boots":1,"minecraft:iron_chestplate":1,"minecraft:iron_leggings":1,"minecraft:stone_pickaxe":2,"minecraft:iron_pickaxe":2,"minecraft:wooden_axe":1},"minecraft:picked_up":{"minecraft:crafting_table":9,"minecraft:wheat":1,"minecraft:chicken":4,"minecraft:cornflower":1,"minecraft:oak_trapdoor":2,"minecraft:string":7,"minecraft:cobbled_deepslate":278,"minecraft:cobblestone_slab":21,"minecraft:iron_pickaxe":2,"minecraft:chest":2,"minecraft:furnace":1,"minecraft:egg":1,"minecraft:raw_iron":112,"minecraft:stick":17,"minecraft:composter":2,"minecraft:torch":1,"minecraft:porkchop":1,"minecraft:diorite":53,"minecraft:carrot":51,"minecraft:redstone":12,"minecraft:arrow":9,"minecraft:rotten_flesh":25,"minecraft:beetroot_seeds":2,"minecraft:mutton":21,"minecraft:rail":2,"minecraft:white_wool":15,"minecraft:cobblestone":417,"minecraft:feather":3,"minecraft:glow_ink_sac":2,"minecraft:andesite":46,"minecraft:flint":4,"minecraft:tuff":71,"minecraft:oak_log":45,"minecraft:gunpowder":2,"minecraft:dirt":88,"minecraft:bone":24,"minecraft:apple":3,"minecraft:bow":1,"minecraft:wheat_seeds":11,"minecraft:stone_pickaxe":1,"minecraft:iron_ingot":1,"minecraft:oak_planks":4,"minecraft:music_disc_13":1,"minecraft:dandelion":1,"minecraft:gravel":32,"minecraft:sand":2,"minecraft:white_bed":7,"minecraft:spider_eye":2,"minecraft:mossy_cobblestone":2,"minecraft:diamond":25,"minecraft:granite":23,"minecraft:golden_horse_armor":1,"minecraft:oak_sapling":21,"minecraft:coal":47},"minecraft:dropped":{"minecraft:iron_pickaxe":2,"minecraft:gravel":3,"minecraft:stone_pickaxe":1},"minecraft:mined":{"minecraft:tuff":73,"minecraft:white_bed":7,"minecraft:farmland":1,"minecraft:mossy_cobblestone":2,"minecraft:deepslate_diamond_ore":24,"minecraft:granite":22,"minecraft:grass_block":21,"minecraft:composter":2,"minecraft:oak_trapdoor":2,"minecraft:furnace":1,"minecraft:carrots":31,"minecraft:cobbled_deepslate":10,"minecraft:iron_ore":79,"minecraft:fire":3,"minecraft:andesite":46,"minecraft:cobblestone_slab":22,"minecraft:deepslate_iron_ore":31,"minecraft:stone":364,"minecraft:deepslate_redstone_ore":2,"minecraft:crafting_table":9,"minecraft:cornflower":1,"minecraft:chest":2,"minecraft:tall_grass":5,"minecraft:cobblestone":56,"minecraft:diorite":54,"minecraft:wall_torch":1,"minecraft:grass":76,"minecraft:coal_ore":37,"minecraft:oak_log":6,"minecraft:gravel":32,"minecraft:sand":2,"minecraft:dirt":66,"minecraft:cobweb":1,"minecraft:oak_leaves":1,"minecraft:deepslate":277},"minecraft:used":{"minecraft:oak_trapdoor":4,"minecraft:stone_sword":38,"minecraft:chest":4,"minecraft:shield":42,"minecraft:iron_sword":204,"minecraft:iron_chestplate":1,"minecraft:torch":79,"minecraft:dirt":83,"minecraft:carrot":56,"minecraft:tuff":71,"minecraft:iron_hoe":110,"minecraft:glass":2,"minecraft:wooden_axe":13,"minecraft:iron_boots":1,"minecraft:diamond_chestplate":1,"minecraft:furnace":5,"minecraft:cobbled_deepslate":166,"minecraft:iron_leggings":1,"minecraft:cooked_mutton":4,"minecraft:water_bucket":9,"minecraft:diorite":53,"minecraft:diamond_boots":1,"minecraft:stone_pickaxe":323,"minecraft:oak_planks":3,"minecraft:wooden_pickaxe":10,"minecraft:composter":4,"minecraft:cobblestone_slab":84,"minecraft:white_wool":2,"minecraft:crafting_table":13,"minecraft:white_bed":7,"minecraft:diamond_pickaxe":295,"minecraft:apple":3,"minecraft:chicken":1,"minecraft:iron_pickaxe":497,"minecraft:diamond_sword":65,"minecraft:cobblestone":348,"minecraft:bucket":9,"minecraft:andesite":46,"minecraft:diamond_leggings":1},"minecraft:crafted":{"minecraft:oak_planks":140,"minecraft:cobblestone_slab":66,"minecraft:furnace":4,"minecraft:cooked_mutton":4,"minecraft:oak_trapdoor":2,"minecraft:glass":2,"minecraft:diamond_leggings":1,"minecraft:iron_boots":1,"minecraft:iron_hoe":1,"minecraft:stone_pickaxe":3,"minecraft:diamond_boots":1,"minecraft:oak_slab":90,"minecraft:diamond_sword":1,"minecraft:crafting_table":4,"minecraft:wooden_pickaxe":1,"minecraft:iron_sword":1,"minecraft:bucket":1,"minecraft:air":0,"minecraft:iron_chestplate":1,"minecraft:diamond_pickaxe":1,"minecraft:charcoal":1,"minecraft:shield":1,"minecraft:stick":52,"minecraft:iron_ingot":43,"minecraft:iron_pickaxe":3,"minecraft:wooden_axe":1,"minecraft:stone_sword":1,"minecraft:iron_leggings":1,"minecraft:white_bed":4,"minecraft:composter":2,"minecraft:torch":80,"minecraft:diamond_chestplate":1},"minecraft:killed":{"minecraft:spider":3,"minecraft:skeleton":11,"minecraft:chicken":5,"minecraft:pig":1,"minecraft:sheep":15,"minecraft:pillager":2,"minecraft:zombie":19},"minecraft:custom":{"minecraft:mob_kills":58,"minecraft:interact_with_crafting_table":69,"minecraft:bell_ring":1,"minecraft:leave_game":4,"minecraft:time_since_death":8354,"minecraft:sprint_one_cm":401424,"minecraft:walk_one_cm":773796,"minecraft:damage_blocked_by_shield":2655,"minecraft:drop":6,"minecraft:talked_to_villager":1,"minecraft:play_time":286272,"minecraft:deaths":44,"minecraft:sneak_time":13222,"minecraft:walk_under_water_one_cm":15721,"minecraft:jump":2456,"minecraft:walk_on_water_one_cm":75214,"minecraft:total_world_time":286272,"minecraft:interact_with_furnace":28,"minecraft:sleep_in_bed":9,"minecraft:time_since_rest":8391,"minecraft:damage_taken":11770,"minecraft:damage_dealt":8522,"minecraft:fly_one_cm":265308,"minecraft:open_chest":15,"minecraft:crouch_one_cm":37727,"minecraft:fall_one_cm":39433}},"DataVersion":3578}