{"stats":{"minecraft:custom":{"minecraft:interact_with_furnace":16,"minecraft:mob_kills":23,"minecraft:interact_with_crafting_table":29,"minecraft:leave_game":4,"minecraft:time_since_death":345,"minecraft:sleep_in_bed":2,"minecraft:time_since_rest":452,"minecraft:sprint_one_cm":177771,"minecraft:damage_taken":5559,"minecraft:walk_one_cm":277918,"minecraft:damage_blocked_by_shield":435,"minecraft:drop":5,"minecraft:damage_dealt":3768,"minecraft:fly_one_cm":97524,"minecraft:open_chest":9,"minecraft:crouch_one_cm":9164,"minecraft:play_time":125979,"minecraft:deaths":21,"minecraft:sneak_time":5319,"minecraft:walk_under_water_one_cm":3077,"minecraft:jump":932,"minecraft:walk_on_water_one_cm":14997,"minecraft:total_world_time":125979,"minecraft:fall_one_cm":14052},"minecraft:mined":{"minecraft:tuff":11,"minecraft:white_bed":1,"minecraft:mossy_cobblestone":1,"minecraft:deepslate_diamond_ore":15,"minecraft:crafting_table":6,"minecraft:granite":14,"minecraft:grass_block":3,"minecraft:cobblestone":7,"minecraft:diorite":31,"minecraft:furnace":1,"minecraft:iron_ore":39,"minecraft:cobbled_deepslate":3,"minecraft:fire":3,"minecraft:andesite":20,"minecraft:grass":3,"minecraft:coal_ore":20,"minecraft:oak_log":6,"minecraft:deepslate_iron_ore":6,"minecraft:gravel":32,"minecraft:dirt":4,"minecraft:stone":215,"minecraft:oak_leaves":1,"minecraft:deepslate":48},"minecraft:picked_up":{"minecraft:crafting_table":6,"minecraft:chicken":1,"minecraft:glow_ink_sac":1,"minecraft:andesite":20,"minecraft:flint":4,"minecraft:tuff":6,"minecraft:oak_log":45,"minecraft:gunpowder":2,"minecraft:string":2,"minecraft:dirt":8,"minecraft:bone":8,"minecraft:apple":3,"minecraft:wheat_seeds":1,"minecraft:cobbled_deepslate":58,"minecraft:stone_pickaxe":1,"minecraft:iron_pickaxe":1,"minecraft:oak_planks":2,"minecraft:furnace":1,"minecraft:stick":17,"minecraft:raw_iron":45,"minecraft:dandelion":1,"minecraft:gravel":32,"minecraft:diorite":31,"minecraft:white_bed":1,"minecraft:mossy_cobblestone":1,"minecraft:spider_eye":1,"minecraft:arrow":3,"minecraft:rotten_flesh":13,"minecraft:diamond":16,"minecraft:granite":15,"minecraft:oak_sapling":21,"minecraft:mutton":4,"minecraft:coal":30,"minecraft:white_wool":4,"minecraft:cobblestone":216},"minecraft:dropped":{"minecraft:gravel":3,"minecraft:stone_pickaxe":1,"minecraft:iron_pickaxe":1},"minecraft:killed":{"minecraft:spider":1,"minecraft:skeleton":3,"minecraft:sheep":4,"minecraft:zombie":14},"minecraft:crafted":{"minecraft:oak_planks":40,"minecraft:crafting_table":2,"minecraft:wooden_pickaxe":1,"minecraft:iron_sword":1,"minecraft:furnace":1,"minecraft:air":0,"minecraft:iron_boots":1,"minecraft:iron_chestplate":1,"minecraft:shield":1,"minecraft:stick":20,"minecraft:iron_ingot":27,"minecraft:iron_pickaxe":1,"minecraft:stone_pickaxe":3,"minecraft:wooden_axe":1,"minecraft:stone_sword":1,"minecraft:iron_leggings":1,"minecraft:white_bed":1,"minecraft:torch":68},"minecraft:broken":{"minecraft:stone_pickaxe":2,"minecraft:wooden_axe":1},"minecraft:used":{"minecraft:stone_sword":38,"minecraft:stone_pickaxe":323,"minecraft:shield":8,"minecraft:chest":4,"minecraft:wooden_pickaxe":10,"minecraft:iron_sword":93,"minecraft:iron_chestplate":1,"minecraft:torch":68,"minecraft:dirt":5,"minecraft:crafting_table":8,"minecraft:white_bed":1,"minecraft:wooden_axe":13,"minecraft:apple":3,"minecraft:iron_pickaxe":115,"minecraft:iron_boots":1,"minecraft:cobblestone":22,"minecraft:furnace":2,"minecraft:cobbled_deepslate":3,"minecraft:iron_leggings":1},"minecraft:killed_by":{"minecraft:player":1,"minecraft:skeleton":10,"minecraft:creeper":2,"minecraft:zombie":8}},"DataVersion":3578}