{"stats":{"minecraft:killed_by":{"minecraft:player":1,"minecraft:creeper":3,"minecraft:skeleton":27,"minecraft:zombie":13},"minecraft:broken":{"minecraft:iron_shovel":1,"minecraft:iron_boots":1,"minecraft:iron_chestplate":1,"minecraft:iron_leggings":1,"minecraft:stone_pickaxe":2,"minecraft:iron_pickaxe":2,"minecraft:wooden_axe":1},"minecraft:picked_up":{"minecraft:crafting_table":12,"minecraft:wheat":1,"minecraft:chicken":4,"minecraft:oak_stairs":1,"minecraft:cornflower":1,"minecraft:oak_trapdoor":2,"minecraft:string":9,"minecraft:gold_nugget":53,"minecraft:cobbled_deepslate":339,"minecraft:oak_boat":4,"minecraft:cobblestone_slab":21,"minecraft:iron_pickaxe":2,"minecraft:chest":2,"minecraft:furnace":1,"minecraft:egg":1,"minecraft:stick":17,"minecraft:raw_iron":112,"minecraft:composter":2,"minecraft:torch":3,"minecraft:porkchop":1,"minecraft:diorite":61,"minecraft:carrot":158,"minecraft:redstone":48,"minecraft:arrow":9,"minecraft:rotten_flesh":28,"minecraft:beetroot_seeds":2,"minecraft:white_terracotta":2,"minecraft:mutton":21,"minecraft:rail":2,"minecraft:white_wool":21,"minecraft:cobblestone":506,"minecraft:feather":3,"minecraft:glow_ink_sac":2,"minecraft:andesite":52,"minecraft:flint":4,"minecraft:tuff":71,"minecraft:oak_log":45,"minecraft:gunpowder":2,"minecraft:dirt":560,"minecraft:bone":26,"minecraft:apple":3,"minecraft:bow":2,"minecraft:wheat_seeds":36,"minecraft:raw_gold":1,"minecraft:stone_pickaxe":1,"minecraft:iron_ingot":1,"minecraft:oak_planks":10,"minecraft:music_disc_13":1,"minecraft:dandelion":1,"minecraft:gravel":41,"minecraft:sand":9,"minecraft:white_bed":10,"minecraft:spider_eye":2,"minecraft:mossy_cobblestone":2,"minecraft:diamond":25,"minecraft:granite":33,"minecraft:golden_horse_armor":1,"minecraft:oak_sapling":21,"minecraft:netherrack":1,"minecraft:coal":47,"minecraft:diamond_pickaxe":1},"minecraft:dropped":{"minecraft:wheat_seeds":12,"minecraft:cornflower":1,"minecraft:iron_pickaxe":2,"minecraft:gravel":3,"minecraft:carrot":2,"minecraft:diamond_pickaxe":1,"minecraft:stone_pickaxe":1},"minecraft:mined":{"minecraft:nether_gold_ore":11,"minecraft:tuff":73,"minecraft:white_bed":10,"minecraft:farmland":15,"minecraft:mossy_cobblestone":2,"minecraft:deepslate_diamond_ore":24,"minecraft:granite":30,"minecraft:grass_block":331,"minecraft:composter":2,"minecraft:oak_trapdoor":2,"minecraft:furnace":1,"minecraft:carrots":69,"minecraft:iron_ore":79,"minecraft:cobbled_deepslate":69,"minecraft:fire":3,"minecraft:andesite":52,"minecraft:deepslate_iron_ore":31,"minecraft:cobblestone_slab":23,"minecraft:oak_stairs":1,"minecraft:stone":431,"minecraft:white_wool":6,"minecraft:deepslate_redstone_ore":10,"minecraft:crafting_table":12,"minecraft:cornflower":1,"minecraft:chest":2,"minecraft:glass":2,"minecraft:nether_quartz_ore":7,"minecraft:tall_grass":6,"minecraft:cobblestone":75,"minecraft:deepslate_gold_ore":1,"minecraft:oak_planks":6,"minecraft:diorite":61,"minecraft:wall_torch":2,"minecraft:white_terracotta":1,"minecraft:grass":92,"minecraft:oak_log":6,"minecraft:coal_ore":37,"minecraft:gravel":41,"minecraft:sand":8,"minecraft:dirt":181,"minecraft:cobweb":1,"minecraft:netherrack":9,"minecraft:oak_leaves":1,"minecraft:deepslate":277},"minecraft:used":{"minecraft:oak_trapdoor":4,"minecraft:stone_sword":38,"minecraft:iron_shovel":418,"minecraft:flint_and_steel":1,"minecraft:dispenser":1,"minecraft:chest":6,"minecraft:shield":42,"minecraft:iron_sword":204,"minecraft:iron_chestplate":1,"minecraft:torch":81,"minecraft:dirt":509,"minecraft:carrot":176,"minecraft:tuff":71,"minecraft:iron_hoe":124,"minecraft:glass":9,"minecraft:wooden_axe":13,"minecraft:iron_boots":1,"minecraft:diamond_chestplate":1,"minecraft:furnace":5,"minecraft:cobbled_deepslate":250,"minecraft:iron_leggings":1,"minecraft:cooked_mutton":4,"minecraft:water_bucket":9,"minecraft:diorite":61,"minecraft:diamond_boots":1,"minecraft:powered_rail":2,"minecraft:stone_pickaxe":323,"minecraft:oak_planks":18,"minecraft:wooden_pickaxe":10,"minecraft:composter":4,"minecraft:cobblestone_slab":85,"minecraft:white_wool":6,"minecraft:rail":3,"minecraft:crafting_table":17,"minecraft:white_bed":15,"minecraft:redstone_torch":1,"minecraft:diamond_pickaxe":503,"minecraft:apple":3,"minecraft:chicken":1,"minecraft:iron_pickaxe":497,"minecraft:oak_button":1,"minecraft:diamond_sword":126,"minecraft:cobblestone":426,"minecraft:andesite":52,"minecraft:bucket":9,"minecraft:oak_boat":4,"minecraft:diamond_leggings":1},"minecraft:crafted":{"minecraft:oak_planks":176,"minecraft:cobblestone_slab":66,"minecraft:furnace":4,"minecraft:cooked_mutton":4,"minecraft:oak_trapdoor":2,"minecraft:flint_and_steel":1,"minecraft:glass":9,"minecraft:diamond_leggings":1,"minecraft:iron_boots":1,"minecraft:iron_hoe":1,"minecraft:stone_pickaxe":3,"minecraft:chest":2,"minecraft:diamond_boots":1,"minecraft:oak_button":1,"minecraft:rail":16,"minecraft:minecart":1,"minecraft:oak_slab":90,"minecraft:diamond_sword":1,"minecraft:crafting_table":5,"minecraft:wooden_pickaxe":1,"minecraft:powered_rail":6,"minecraft:iron_sword":1,"minecraft:bucket":1,"minecraft:air":0,"minecraft:dispenser":1,"minecraft:oak_boat":2,"minecraft:iron_chestplate":1,"minecraft:diamond_pickaxe":1,"minecraft:charcoal":1,"minecraft:shield":1,"minecraft:stick":64,"minecraft:iron_ingot":64,"minecraft:iron_pickaxe":3,"minecraft:wooden_axe":1,"minecraft:stone_sword":1,"minecraft:iron_shovel":3,"minecraft:iron_leggings":1,"minecraft:gold_ingot":6,"minecraft:white_bed":5,"minecraft:redstone_torch":2,"minecraft:composter":2,"minecraft:torch":84,"minecraft:diamond_chestplate":1},"minecraft:killed":{"minecraft:spider":5,"minecraft:skeleton":12,"minecraft:chicken":5,"minecraft:pig":1,"minecraft:sheep":15,"minecraft:pillager":2,"minecraft:zombie":23},"minecraft:custom":{"minecraft:mob_kills":65,"minecraft:interact_with_crafting_table":105,"minecraft:bell_ring":1,"minecraft:leave_game":6,"minecraft:time_since_death":9786,"minecraft:sprint_one_cm":531400,"minecraft:walk_one_cm":1240083,"minecraft:damage_blocked_by_shield":2655,"minecraft:drop":11,"minecraft:talked_to_villager":2,"minecraft:play_time":421469,"minecraft:deaths":52,"minecraft:sneak_time":18079,"minecraft:walk_under_water_one_cm":16537,"minecraft:boat_one_cm":195960,"minecraft:jump":3829,"minecraft:walk_on_water_one_cm":99944,"minecraft:total_world_time":421469,"minecraft:interact_with_furnace":38,"minecraft:sleep_in_bed":13,"minecraft:time_since_rest":9821,"minecraft:damage_taken":13688,"minecraft:damage_dealt":10065,"minecraft:fly_one_cm":490421,"minecraft:open_chest":16,"minecraft:crouch_one_cm":51294,"minecraft:fall_one_cm":56370,"minecraft:inspect_dispenser":1}},"DataVersion":3578}