{"stats":{"minecraft:dropped":{"minecraft:lapis_lazuli":63,"minecraft:oak_log":1,"minecraft:iron_horse_armor":2,"minecraft:dirt":403,"minecraft:cornflower":2,"minecraft:iron_pickaxe":2,"minecraft:gravel":46,"minecraft:birch_sapling":1,"minecraft:azure_bluet":1,"minecraft:carrot":2,"minecraft:poppy":2,"minecraft:oak_wood":1,"minecraft:chest":2,"minecraft:wheat_seeds":30,"minecraft:minecart":1,"minecraft:feather":2,"minecraft:apple":1,"minecraft:oxeye_daisy":1,"minecraft:bucket":2,"minecraft:stone_shovel":1,"minecraft:pumpkin_seeds":2,"minecraft:cobblestone_slab":1,"minecraft:diamond_pickaxe":1,"minecraft:oak_sapling":3,"minecraft:spider_eye":2,"minecraft:stone_pickaxe":1,"minecraft:wooden_pickaxe":3},"minecraft:crafted":{"minecraft:oak_planks":536,"minecraft:cobblestone_slab":144,"minecraft:barrel":8,"minecraft:oak_sign":6,"minecraft:dark_oak_wood":42,"minecraft:cobblestone_stairs":20,"minecraft:cooked_mutton":4,"minecraft:glass":9,"minecraft:hopper":3,"minecraft:iron_boots":1,"minecraft:diamond_leggings":1,"minecraft:stripped_dark_oak_wood":27,"minecraft:chest":17,"minecraft:oak_button":4,"minecraft:rail":64,"minecraft:oak_slab":216,"minecraft:crafting_table":8,"minecraft:spruce_planks":612,"minecraft:wooden_pickaxe":1,"minecraft:oak_wood":1341,"minecraft:dispenser":1,"minecraft:spruce_trapdoor":12,"minecraft:iron_chestplate":1,"minecraft:diamond_pickaxe":1,"minecraft:charcoal":1,"minecraft:shield":1,"minecraft:stick":196,"minecraft:iron_ingot":181,"minecraft:iron_pickaxe":16,"minecraft:iron_block":3,"minecraft:stone_sword":1,"minecraft:gold_ingot":6,"minecraft:redstone_torch":8,"minecraft:composter":2,"minecraft:spruce_fence_gate":4,"minecraft:shears":2,"minecraft:stone_shovel":40,"minecraft:furnace":5,"minecraft:spruce_fence":93,"minecraft:oak_trapdoor":10,"minecraft:flint_and_steel":1,"minecraft:spruce_stairs":32,"minecraft:dark_oak_fence":6,"minecraft:iron_axe":1,"minecraft:iron_hoe":1,"minecraft:spruce_slab":84,"minecraft:stone_pickaxe":10,"minecraft:cobblestone_wall":50,"minecraft:diamond_boots":1,"minecraft:dark_oak_planks":172,"minecraft:minecart":1,"minecraft:diamond_sword":1,"minecraft:powered_rail":6,"minecraft:iron_sword":1,"minecraft:bucket":2,"minecraft:stone_axe":52,"minecraft:air":0,"minecraft:oak_boat":2,"minecraft:wooden_axe":1,"minecraft:iron_shovel":25,"minecraft:iron_leggings":1,"minecraft:anvil":1,"minecraft:white_bed":5,"minecraft:torch":84,"minecraft:diamond_chestplate":1},"minecraft:used":{"minecraft:iron_shovel":6457,"minecraft:spruce_slab":62,"minecraft:dispenser":1,"minecraft:oak_sign":5,"minecraft:chest":25,"minecraft:shield":42,"minecraft:iron_sword":204,"minecraft:zombie_spawn_egg":1,"minecraft:iron_chestplate":1,"minecraft:soul_sand":1,"minecraft:carrot":183,"minecraft:tuff":71,"minecraft:glass":9,"minecraft:lava_bucket":1,"minecraft:stripped_dark_oak_wood":34,"minecraft:villager_spawn_egg":14,"minecraft:grass_block":5,"minecraft:dark_oak_wood":42,"minecraft:furnace":7,"minecraft:oak_sapling":359,"minecraft:diorite":61,"minecraft:diamond_boots":1,"minecraft:stone_pickaxe":1046,"minecraft:powered_rail":6,"minecraft:oak_planks":18,"minecraft:wooden_pickaxe":26,"minecraft:composter":4,"minecraft:oak_leaves":158,"minecraft:white_wool":6,"minecraft:shears":476,"minecraft:redstone_torch":5,"minecraft:dark_oak_log":36,"minecraft:diamond_sword":487,"minecraft:dark_oak_fence":5,"minecraft:andesite":52,"minecraft:oak_boat":4,"minecraft:oak_trapdoor":13,"minecraft:stone_sword":38,"minecraft:flint_and_steel":1,"minecraft:stone_shovel":3369,"minecraft:spruce_planks":178,"minecraft:torch":81,"minecraft:dirt":4134,"minecraft:anvil":1,"minecraft:hopper":3,"minecraft:spruce_stairs":30,"minecraft:cobblestone_wall":86,"minecraft:oak_wood":1347,"minecraft:spruce_fence":69,"minecraft:iron_hoe":124,"minecraft:wooden_axe":13,"minecraft:iron_axe":36,"minecraft:iron_boots":1,"minecraft:barrel":8,"minecraft:diamond_chestplate":1,"minecraft:cobbled_deepslate":262,"minecraft:iron_leggings":1,"minecraft:cooked_mutton":4,"minecraft:water_bucket":12,"minecraft:cobblestone_stairs":4,"minecraft:spruce_fence_gate":8,"minecraft:stonecutter":1,"minecraft:cobblestone_slab":138,"minecraft:rail":95,"minecraft:crafting_table":22,"minecraft:white_bed":56,"minecraft:spruce_log":43,"minecraft:oak_log":4,"minecraft:diamond_pickaxe":1019,"minecraft:apple":10,"minecraft:chicken":1,"minecraft:oak_button":8,"minecraft:iron_pickaxe":3940,"minecraft:spruce_trapdoor":9,"minecraft:stone_axe":646,"minecraft:cobblestone":833,"minecraft:bucket":13,"minecraft:yellow_bed":34,"minecraft:diamond_leggings":1},"minecraft:broken":{"minecraft:iron_shovel":25,"minecraft:shears":2,"minecraft:iron_boots":1,"minecraft:iron_chestplate":1,"minecraft:iron_leggings":1,"minecraft:stone_pickaxe":7,"minecraft:stone_axe":27,"minecraft:wooden_axe":1,"minecraft:stone_shovel":23,"minecraft:iron_axe":1,"minecraft:iron_pickaxe":14},"minecraft:custom":{"minecraft:interact_with_crafting_table":304,"minecraft:open_barrel":133,"minecraft:bell_ring":1,"minecraft:leave_game":25,"minecraft:time_since_death":48890,"minecraft:sprint_one_cm":1296249,"minecraft:damage_blocked_by_shield":2655,"minecraft:drop":108,"minecraft:talked_to_villager":3,"minecraft:play_time":1508859,"minecraft:deaths":112,"minecraft:jump":13128,"minecraft:walk_on_water_one_cm":130707,"minecraft:interact_with_furnace":79,"minecraft:sleep_in_bed":89,"minecraft:damage_dealt":22111,"minecraft:crouch_one_cm":108088,"minecraft:inspect_dispenser":3,"minecraft:horse_one_cm":460,"minecraft:mob_kills":123,"minecraft:interact_with_anvil":4,"minecraft:inspect_hopper":3,"minecraft:climb_one_cm":804,"minecraft:walk_one_cm":6741323,"minecraft:sneak_time":37065,"minecraft:walk_under_water_one_cm":31358,"minecraft:boat_one_cm":195960,"minecraft:total_world_time":1508859,"minecraft:interact_with_stonecutter":3,"minecraft:time_since_rest":2050,"minecraft:damage_taken":29657,"minecraft:swim_one_cm":10378,"minecraft:fly_one_cm":1113119,"minecraft:open_chest":182,"minecraft:fall_one_cm":207849},"minecraft:mined":{"minecraft:spruce_planks":6,"minecraft:white_bed":49,"minecraft:oak_sapling":4,"minecraft:farmland":15,"minecraft:spruce_trapdoor":1,"minecraft:granite":34,"minecraft:grass_block":6746,"minecraft:composter":2,"minecraft:oxeye_daisy":1,"minecraft:iron_ore":142,"minecraft:cobbled_deepslate":74,"minecraft:fire":3,"minecraft:deepslate_lapis_ore":14,"minecraft:stripped_dark_oak_wood":44,"minecraft:azure_bluet":1,"minecraft:dirt_path":46,"minecraft:oak_stairs":1,"minecraft:spruce_slab":1,"minecraft:deepslate_redstone_ore":10,"minecraft:poppy":1,"minecraft:chest":5,"minecraft:dead_bush":1,"minecraft:glass":2,"minecraft:nether_quartz_ore":7,"minecraft:cobblestone":120,"minecraft:oak_planks":6,"minecraft:wall_torch":2,"minecraft:deepslate_copper_ore":2,"minecraft:white_terracotta":1,"minecraft:stripped_oak_wood":1,"minecraft:grass":717,"minecraft:oak_log":132,"minecraft:sand":8,"minecraft:dirt":2148,"minecraft:stonecutter":1,"minecraft:netherrack":9,"minecraft:oak_leaves":560,"minecraft:deepslate":314,"minecraft:nether_gold_ore":11,"minecraft:tuff":73,"minecraft:mossy_cobblestone":2,"minecraft:dark_oak_leaves":1,"minecraft:deepslate_diamond_ore":28,"minecraft:dark_oak_log":115,"minecraft:glow_lichen":1,"minecraft:dark_oak_fence":1,"minecraft:spruce_fence":5,"minecraft:spruce_leaves":18,"minecraft:large_fern":3,"minecraft:redstone_ore":1,"minecraft:oak_trapdoor":3,"minecraft:furnace":1,"minecraft:carrots":74,"minecraft:andesite":81,"minecraft:stripped_spruce_log":27,"minecraft:deepslate_iron_ore":75,"minecraft:cobblestone_slab":28,"minecraft:rail":26,"minecraft:stone":4619,"minecraft:white_wool":6,"minecraft:soul_sand":1,"minecraft:stripped_dark_oak_log":36,"minecraft:dandelion":13,"minecraft:crafting_table":15,"minecraft:cornflower":3,"minecraft:oak_wood":36,"minecraft:rose_bush":12,"minecraft:tall_grass":49,"minecraft:copper_ore":5,"minecraft:lapis_ore":22,"minecraft:deepslate_gold_ore":1,"minecraft:diorite":73,"minecraft:spruce_stairs":4,"minecraft:cobblestone_wall":2,"minecraft:spruce_log":125,"minecraft:birch_leaves":2,"minecraft:yellow_bed":34,"minecraft:coal_ore":181,"minecraft:gravel":42,"minecraft:cobweb":1,"minecraft:oak_button":4,"minecraft:spruce_fence_gate":4,"minecraft:fern":10},"minecraft:killed_by":{"minecraft:creeper":5,"minecraft:pillager":10,"minecraft:zombie":21,"minecraft:player":1,"minecraft:spider":5,"minecraft:trader_llama":1,"minecraft:skeleton":38},"minecraft:picked_up":{"minecraft:wheat":3,"minecraft:oak_stairs":2,"minecraft:string":36,"minecraft:raw_copper":26,"minecraft:gold_nugget":53,"minecraft:cobbled_deepslate":514,"minecraft:bucket":3,"minecraft:spruce_planks":6,"minecraft:redstone_torch":3,"minecraft:rose_bush":2,"minecraft:cobblestone_slab":31,"minecraft:iron_pickaxe":2,"minecraft:furnace":2,"minecraft:stick":924,"minecraft:music_disc_blocks":1,"minecraft:composter":2,"minecraft:torch":15,"minecraft:spruce_stairs":4,"minecraft:porkchop":3,"minecraft:diorite":67,"minecraft:stone_sword":2,"minecraft:rotten_flesh":83,"minecraft:white_terracotta":8,"minecraft:cobblestone":5375,"minecraft:birch_log":7,"minecraft:feather":13,"minecraft:andesite":109,"minecraft:golden_leggings":1,"minecraft:potato":1,"minecraft:flint":10,"minecraft:tuff":71,"minecraft:lapis_lazuli":419,"minecraft:dirt":13117,"minecraft:name_tag":5,"minecraft:bone":86,"minecraft:stonecutter":1,"minecraft:bow":3,"minecraft:wheat_seeds":251,"minecraft:raw_gold":1,"minecraft:oak_planks":36,"minecraft:music_disc_13":1,"minecraft:sand":9,"minecraft:stripped_spruce_log":27,"minecraft:dark_oak_log":799,"minecraft:mossy_cobblestone":8,"minecraft:iron_hoe":3,"minecraft:spruce_fence_gate":4,"minecraft:diamond":30,"minecraft:granite":90,"minecraft:grass":1,"minecraft:golden_horse_armor":3,"minecraft:oak_sapling":1090,"minecraft:netherrack":3,"minecraft:dark_oak_fence":1,"minecraft:oak_leaves":481,"minecraft:diamond_pickaxe":2,"minecraft:crafting_table":16,"minecraft:azure_bluet":1,"minecraft:chicken":8,"minecraft:wooden_pickaxe":5,"minecraft:shield":2,"minecraft:cornflower":3,"minecraft:oak_trapdoor":3,"minecraft:oak_boat":9,"minecraft:poppy":2,"minecraft:spruce_slab":1,"minecraft:minecart":5,"minecraft:chest":9,"minecraft:birch_sapling":3,"minecraft:spruce_trapdoor":1,"minecraft:egg":5,"minecraft:dark_oak_sapling":84,"minecraft:raw_iron":266,"minecraft:spruce_fence":5,"minecraft:carrot":176,"minecraft:redstone":85,"minecraft:iron_horse_armor":4,"minecraft:arrow":39,"minecraft:stone_shovel":1,"minecraft:beetroot_seeds":6,"minecraft:stripped_dark_oak_wood":44,"minecraft:mutton":59,"minecraft:white_wool":23,"minecraft:rail":47,"minecraft:oxeye_daisy":2,"minecraft:glow_ink_sac":6,"minecraft:oak_log":2422,"minecraft:gunpowder":31,"minecraft:yellow_bed":34,"minecraft:cobblestone_wall":2,"minecraft:apple":139,"minecraft:stone_pickaxe":2,"minecraft:iron_ingot":6,"minecraft:stripped_oak_wood":1,"minecraft:soul_sand":1,"minecraft:oak_slab":9,"minecraft:dandelion":14,"minecraft:gravel":133,"minecraft:spruce_sapling":256,"minecraft:white_bed":51,"minecraft:spruce_log":1306,"minecraft:spider_eye":7,"minecraft:oak_wood":36,"minecraft:pumpkin_seeds":4,"minecraft:oak_button":4,"minecraft:stripped_dark_oak_log":36,"minecraft:coal":199},"minecraft:killed":{"minecraft:spider":11,"minecraft:skeleton":23,"minecraft:chicken":6,"minecraft:pig":1,"minecraft:iron_golem":1,"minecraft:creeper":3,"minecraft:sheep":17,"minecraft:pillager":9,"minecraft:zombie":44,"minecraft:villager":1}},"DataVersion":3578}