{"stats":{"minecraft:custom":{"minecraft:interact_with_anvil":1,"minecraft:mob_kills":111,"minecraft:inspect_hopper":3,"minecraft:interact_with_crafting_table":166,"minecraft:bell_ring":1,"minecraft:leave_game":10,"minecraft:time_since_death":3442,"minecraft:climb_one_cm":804,"minecraft:sprint_one_cm":787987,"minecraft:damage_blocked_by_shield":2655,"minecraft:walk_one_cm":3119309,"minecraft:drop":92,"minecraft:talked_to_villager":2,"minecraft:play_time":751684,"minecraft:sneak_time":28831,"minecraft:deaths":77,"minecraft:walk_under_water_one_cm":20922,"minecraft:boat_one_cm":195960,"minecraft:jump":6820,"minecraft:walk_on_water_one_cm":121811,"minecraft:total_world_time":751684,"minecraft:interact_with_furnace":58,"minecraft:interact_with_stonecutter":2,"minecraft:sleep_in_bed":30,"minecraft:time_since_rest":3472,"minecraft:damage_taken":20614,"minecraft:damage_dealt":19468,"minecraft:swim_one_cm":4056,"minecraft:fly_one_cm":662957,"minecraft:open_chest":94,"minecraft:crouch_one_cm":87535,"minecraft:fall_one_cm":125162,"minecraft:inspect_dispenser":3},"minecraft:picked_up":{"minecraft:crafting_table":15,"minecraft:wheat":2,"minecraft:chicken":8,"minecraft:wooden_pickaxe":4,"minecraft:oak_stairs":2,"minecraft:shield":1,"minecraft:cornflower":1,"minecraft:string":36,"minecraft:oak_trapdoor":2,"minecraft:gold_nugget":53,"minecraft:cobbled_deepslate":428,"minecraft:bucket":3,"minecraft:oak_boat":8,"minecraft:cobblestone_slab":24,"minecraft:iron_pickaxe":2,"minecraft:minecart":4,"minecraft:chest":8,"minecraft:furnace":2,"minecraft:egg":5,"minecraft:stick":26,"minecraft:raw_iron":231,"minecraft:composter":2,"minecraft:torch":11,"minecraft:porkchop":2,"minecraft:diorite":66,"minecraft:carrot":158,"minecraft:redstone":85,"minecraft:iron_horse_armor":3,"minecraft:stone_sword":1,"minecraft:arrow":26,"minecraft:rotten_flesh":73,"minecraft:beetroot_seeds":4,"minecraft:white_terracotta":6,"minecraft:mutton":42,"minecraft:rail":47,"minecraft:white_wool":23,"minecraft:cobblestone":1827,"minecraft:feather":8,"minecraft:glow_ink_sac":4,"minecraft:andesite":82,"minecraft:golden_leggings":1,"minecraft:flint":7,"minecraft:tuff":71,"minecraft:oak_log":85,"minecraft:cobblestone_wall":2,"minecraft:yellow_bed":2,"minecraft:gunpowder":31,"minecraft:lapis_lazuli":253,"minecraft:dirt":6940,"minecraft:name_tag":2,"minecraft:bone":74,"minecraft:apple":5,"minecraft:stonecutter":1,"minecraft:bow":3,"minecraft:wheat_seeds":156,"minecraft:raw_gold":1,"minecraft:stone_pickaxe":1,"minecraft:iron_ingot":6,"minecraft:oak_planks":20,"minecraft:soul_sand":1,"minecraft:oak_slab":9,"minecraft:music_disc_13":1,"minecraft:dandelion":2,"minecraft:gravel":131,"minecraft:sand":9,"minecraft:white_bed":48,"minecraft:spider_eye":7,"minecraft:mossy_cobblestone":6,"minecraft:iron_hoe":2,"minecraft:pumpkin_seeds":2,"minecraft:diamond":28,"minecraft:granite":90,"minecraft:golden_horse_armor":2,"minecraft:oak_button":4,"minecraft:oak_sapling":50,"minecraft:netherrack":3,"minecraft:coal":50,"minecraft:diamond_pickaxe":2},"minecraft:mined":{"minecraft:nether_gold_ore":11,"minecraft:tuff":73,"minecraft:white_bed":46,"minecraft:farmland":15,"minecraft:mossy_cobblestone":2,"minecraft:deepslate_diamond_ore":26,"minecraft:glow_lichen":1,"minecraft:granite":34,"minecraft:grass_block":3403,"minecraft:composter":2,"minecraft:redstone_ore":1,"minecraft:oak_trapdoor":2,"minecraft:furnace":1,"minecraft:carrots":69,"minecraft:iron_ore":115,"minecraft:cobbled_deepslate":74,"minecraft:fire":3,"minecraft:andesite":81,"minecraft:deepslate_iron_ore":70,"minecraft:cobblestone_slab":26,"minecraft:rail":26,"minecraft:oak_stairs":1,"minecraft:stone":1502,"minecraft:white_wool":6,"minecraft:deepslate_redstone_ore":10,"minecraft:soul_sand":1,"minecraft:dandelion":1,"minecraft:crafting_table":15,"minecraft:cornflower":1,"minecraft:chest":4,"minecraft:glass":2,"minecraft:nether_quartz_ore":7,"minecraft:tall_grass":48,"minecraft:cobblestone":115,"minecraft:lapis_ore":19,"minecraft:deepslate_gold_ore":1,"minecraft:oak_planks":6,"minecraft:diorite":66,"minecraft:wall_torch":2,"minecraft:white_terracotta":1,"minecraft:cobblestone_wall":2,"minecraft:yellow_bed":2,"minecraft:grass":341,"minecraft:oak_log":25,"minecraft:coal_ore":38,"minecraft:gravel":41,"minecraft:sand":8,"minecraft:dirt":1528,"minecraft:cobweb":1,"minecraft:oak_button":4,"minecraft:stonecutter":1,"minecraft:netherrack":9,"minecraft:oak_leaves":6,"minecraft:deepslate":292},"minecraft:dropped":{"minecraft:lapis_lazuli":63,"minecraft:wheat_seeds":26,"minecraft:oak_log":1,"minecraft:minecart":1,"minecraft:feather":2,"minecraft:iron_horse_armor":2,"minecraft:dirt":211,"minecraft:cornflower":1,"minecraft:iron_pickaxe":2,"minecraft:bucket":2,"minecraft:gravel":46,"minecraft:carrot":2,"minecraft:diamond_pickaxe":1,"minecraft:chest":2,"minecraft:spider_eye":2,"minecraft:wooden_pickaxe":3,"minecraft:stone_pickaxe":1},"minecraft:killed":{"minecraft:spider":10,"minecraft:skeleton":22,"minecraft:chicken":6,"minecraft:pig":1,"minecraft:iron_golem":1,"minecraft:creeper":3,"minecraft:sheep":17,"minecraft:pillager":2,"minecraft:zombie":42},"minecraft:crafted":{"minecraft:stone_shovel":3,"minecraft:oak_planks":332,"minecraft:cobblestone_slab":72,"minecraft:oak_sign":6,"minecraft:furnace":5,"minecraft:cooked_mutton":4,"minecraft:oak_trapdoor":2,"minecraft:flint_and_steel":1,"minecraft:hopper":3,"minecraft:glass":9,"minecraft:diamond_leggings":1,"minecraft:iron_boots":1,"minecraft:iron_axe":1,"minecraft:iron_hoe":1,"minecraft:stone_pickaxe":3,"minecraft:cobblestone_wall":50,"minecraft:chest":8,"minecraft:diamond_boots":1,"minecraft:oak_button":4,"minecraft:rail":64,"minecraft:minecart":1,"minecraft:oak_slab":156,"minecraft:diamond_sword":1,"minecraft:crafting_table":8,"minecraft:wooden_pickaxe":1,"minecraft:powered_rail":6,"minecraft:iron_sword":1,"minecraft:bucket":2,"minecraft:air":0,"minecraft:dispenser":1,"minecraft:oak_boat":2,"minecraft:iron_chestplate":1,"minecraft:diamond_pickaxe":1,"minecraft:charcoal":1,"minecraft:shield":1,"minecraft:stick":104,"minecraft:iron_ingot":142,"minecraft:iron_pickaxe":7,"minecraft:wooden_axe":1,"minecraft:iron_block":3,"minecraft:stone_sword":1,"minecraft:iron_shovel":20,"minecraft:iron_leggings":1,"minecraft:gold_ingot":6,"minecraft:anvil":1,"minecraft:white_bed":5,"minecraft:redstone_torch":8,"minecraft:composter":2,"minecraft:torch":84,"minecraft:diamond_chestplate":1},"minecraft:broken":{"minecraft:iron_shovel":20,"minecraft:iron_boots":1,"minecraft:iron_chestplate":1,"minecraft:iron_leggings":1,"minecraft:stone_pickaxe":2,"minecraft:iron_pickaxe":4,"minecraft:wooden_axe":1,"minecraft:stone_shovel":3},"minecraft:used":{"minecraft:oak_trapdoor":4,"minecraft:stone_sword":38,"minecraft:iron_shovel":5147,"minecraft:flint_and_steel":1,"minecraft:stone_shovel":393,"minecraft:dispenser":1,"minecraft:oak_sign":5,"minecraft:chest":15,"minecraft:shield":42,"minecraft:iron_sword":204,"minecraft:iron_chestplate":1,"minecraft:torch":81,"minecraft:soul_sand":1,"minecraft:dirt":1632,"minecraft:anvil":1,"minecraft:hopper":3,"minecraft:cobblestone_wall":86,"minecraft:carrot":176,"minecraft:tuff":71,"minecraft:glass":9,"minecraft:iron_hoe":124,"minecraft:wooden_axe":13,"minecraft:lava_bucket":1,"minecraft:iron_axe":16,"minecraft:iron_boots":1,"minecraft:diamond_chestplate":1,"minecraft:furnace":7,"minecraft:cobbled_deepslate":262,"minecraft:iron_leggings":1,"minecraft:cooked_mutton":4,"minecraft:water_bucket":12,"minecraft:diorite":61,"minecraft:diamond_boots":1,"minecraft:stone_pickaxe":323,"minecraft:powered_rail":6,"minecraft:oak_planks":18,"minecraft:wooden_pickaxe":10,"minecraft:composter":4,"minecraft:cobblestone_slab":93,"minecraft:stonecutter":1,"minecraft:white_wool":6,"minecraft:rail":95,"minecraft:crafting_table":22,"minecraft:white_bed":52,"minecraft:redstone_torch":5,"minecraft:diamond_pickaxe":761,"minecraft:apple":6,"minecraft:chicken":1,"minecraft:iron_pickaxe":1551,"minecraft:oak_button":8,"minecraft:diamond_sword":432,"minecraft:cobblestone":660,"minecraft:andesite":52,"minecraft:bucket":13,"minecraft:oak_boat":4,"minecraft:yellow_bed":1,"minecraft:diamond_leggings":1},"minecraft:killed_by":{"minecraft:player":1,"minecraft:creeper":5,"minecraft:spider":1,"minecraft:skeleton":35,"minecraft:zombie":18}},"DataVersion":3578}