{"stats":{"minecraft:custom":{"minecraft:interact_with_crafting_table":419,"minecraft:open_barrel":256,"minecraft:bell_ring":1,"minecraft:leave_game":31,"minecraft:time_since_death":7219,"minecraft:sprint_one_cm":1618942,"minecraft:damage_blocked_by_shield":2655,"minecraft:drop":111,"minecraft:talked_to_villager":4,"minecraft:play_time":1942174,"minecraft:deaths":154,"minecraft:jump":16369,"minecraft:walk_on_water_one_cm":160934,"minecraft:interact_with_furnace":99,"minecraft:sleep_in_bed":121,"minecraft:damage_dealt":23861,"minecraft:crouch_one_cm":171416,"minecraft:interact_with_smoker":1,"minecraft:inspect_dispenser":3,"minecraft:horse_one_cm":460,"minecraft:interact_with_anvil":4,"minecraft:mob_kills":130,"minecraft:inspect_hopper":3,"minecraft:climb_one_cm":2299,"minecraft:walk_one_cm":8721853,"minecraft:sneak_time":56306,"minecraft:walk_under_water_one_cm":58877,"minecraft:boat_one_cm":195960,"minecraft:total_world_time":1942174,"minecraft:interact_with_stonecutter":10,"minecraft:time_since_rest":1204,"minecraft:damage_taken":40705,"minecraft:swim_one_cm":10378,"minecraft:fly_one_cm":1278714,"minecraft:open_chest":274,"minecraft:fall_one_cm":292528},"minecraft:picked_up":{"minecraft:wheat":3,"minecraft:yellow_wool":9,"minecraft:oak_stairs":2,"minecraft:dark_oak_trapdoor":1,"minecraft:string":36,"minecraft:raw_copper":50,"minecraft:shroomlight":138,"minecraft:gold_nugget":53,"minecraft:cobbled_deepslate":517,"minecraft:bucket":3,"minecraft:spruce_planks":8,"minecraft:rose_bush":2,"minecraft:redstone_torch":3,"minecraft:cobblestone_slab":33,"minecraft:iron_pickaxe":2,"minecraft:furnace":2,"minecraft:stick":1283,"minecraft:music_disc_blocks":1,"minecraft:composter":2,"minecraft:torch":15,"minecraft:spruce_stairs":12,"minecraft:porkchop":3,"minecraft:diorite":69,"minecraft:warped_planks":4,"minecraft:stone_sword":2,"minecraft:rotten_flesh":84,"minecraft:white_terracotta":8,"minecraft:cobblestone":5393,"minecraft:birch_log":7,"minecraft:magma_block":33,"minecraft:feather":13,"minecraft:andesite":109,"minecraft:golden_leggings":1,"minecraft:copper_block":2,"minecraft:potato":1,"minecraft:flint":13,"minecraft:tuff":71,"minecraft:light_gray_dye":1,"minecraft:warped_trapdoor":3,"minecraft:lapis_lazuli":419,"minecraft:dirt":13124,"minecraft:name_tag":5,"minecraft:bone":90,"minecraft:stonecutter":1,"minecraft:bow":3,"minecraft:wheat_seeds":252,"minecraft:raw_gold":1,"minecraft:glowstone_dust":92,"minecraft:oak_planks":36,"minecraft:music_disc_13":1,"minecraft:warped_wart_block":541,"minecraft:sand":74,"minecraft:stripped_spruce_log":27,"minecraft:dark_oak_log":799,"minecraft:barrel":1,"minecraft:mossy_cobblestone":8,"minecraft:iron_hoe":3,"minecraft:spruce_fence_gate":4,"minecraft:diamond":30,"minecraft:granite":90,"minecraft:grass":2,"minecraft:golden_horse_armor":3,"minecraft:oak_sapling":1765,"minecraft:netherrack":302,"minecraft:dark_oak_fence":1,"minecraft:oak_leaves":928,"minecraft:diamond_pickaxe":2,"minecraft:crafting_table":17,"minecraft:azure_bluet":1,"minecraft:chicken":8,"minecraft:wooden_pickaxe":5,"minecraft:shield":2,"minecraft:cornflower":3,"minecraft:oak_trapdoor":3,"minecraft:oak_boat":9,"minecraft:poppy":2,"minecraft:spruce_slab":2,"minecraft:minecart":5,"minecraft:sugar_cane":18,"minecraft:chest":12,"minecraft:birch_sapling":3,"minecraft:spruce_trapdoor":16,"minecraft:egg":5,"minecraft:dark_oak_sapling":84,"minecraft:raw_iron":310,"minecraft:spruce_fence":5,"minecraft:carrot":238,"minecraft:redstone":85,"minecraft:iron_horse_armor":4,"minecraft:arrow":45,"minecraft:stone_shovel":1,"minecraft:beetroot_seeds":6,"minecraft:stripped_dark_oak_wood":118,"minecraft:mutton":62,"minecraft:rail":47,"minecraft:white_wool":59,"minecraft:oxeye_daisy":2,"minecraft:glow_ink_sac":6,"minecraft:oak_log":3869,"minecraft:cobblestone_wall":2,"minecraft:yellow_bed":53,"minecraft:gunpowder":31,"minecraft:apple":216,"minecraft:warped_stem":114,"minecraft:stone_pickaxe":2,"minecraft:iron_ingot":6,"minecraft:stripped_oak_wood":2,"minecraft:soul_sand":2,"minecraft:oak_slab":9,"minecraft:quartz":7,"minecraft:dandelion":14,"minecraft:gravel":173,"minecraft:spruce_sapling":256,"minecraft:white_bed":51,"minecraft:spruce_log":1306,"minecraft:dark_oak_fence_gate":1,"minecraft:spider_eye":7,"minecraft:oak_wood":43,"minecraft:pumpkin_seeds":4,"minecraft:warped_roots":3,"minecraft:oak_button":4,"minecraft:dark_oak_wood":2,"minecraft:stripped_dark_oak_log":47,"minecraft:coal":207},"minecraft:killed_by":{"minecraft:ghast":1,"minecraft:creeper":8,"minecraft:pillager":10,"minecraft:piglin":2,"minecraft:witch":1,"minecraft:zombie":31,"minecraft:player":1,"minecraft:spider":5,"minecraft:trader_llama":1,"minecraft:skeleton":48},"minecraft:killed":{"minecraft:spider":11,"minecraft:skeleton":25,"minecraft:chicken":6,"minecraft:pig":1,"minecraft:iron_golem":1,"minecraft:creeper":3,"minecraft:sheep":19,"minecraft:pillager":9,"minecraft:zombie":46,"minecraft:villager":1},"minecraft:broken":{"minecraft:iron_shovel":25,"minecraft:shears":4,"minecraft:iron_boots":1,"minecraft:iron_chestplate":1,"minecraft:iron_leggings":1,"minecraft:stone_pickaxe":9,"minecraft:stone_axe":38,"minecraft:wooden_axe":1,"minecraft:stone_shovel":23,"minecraft:iron_axe":1,"minecraft:iron_pickaxe":15},"minecraft:dropped":{"minecraft:lapis_lazuli":63,"minecraft:oak_log":1,"minecraft:iron_horse_armor":2,"minecraft:dirt":403,"minecraft:cornflower":2,"minecraft:iron_pickaxe":2,"minecraft:gravel":46,"minecraft:birch_sapling":1,"minecraft:azure_bluet":1,"minecraft:carrot":2,"minecraft:poppy":2,"minecraft:oak_wood":1,"minecraft:chest":2,"minecraft:wheat_seeds":30,"minecraft:minecart":1,"minecraft:feather":2,"minecraft:apple":1,"minecraft:stick":1,"minecraft:oxeye_daisy":1,"minecraft:bucket":2,"minecraft:stone_shovel":1,"minecraft:pumpkin_seeds":2,"minecraft:cobblestone_slab":1,"minecraft:diamond_pickaxe":1,"minecraft:oak_sapling":67,"minecraft:spider_eye":2,"minecraft:light_gray_dye":1,"minecraft:stone_pickaxe":1,"minecraft:wooden_pickaxe":3},"minecraft:used":{"minecraft:iron_shovel":6457,"minecraft:spruce_slab":130,"minecraft:dispenser":1,"minecraft:oak_sign":5,"minecraft:chest":73,"minecraft:shield":42,"minecraft:iron_sword":204,"minecraft:zombie_spawn_egg":1,"minecraft:iron_chestplate":1,"minecraft:soul_sand":2,"minecraft:carrot":202,"minecraft:tuff":71,"minecraft:glass":9,"minecraft:lava_bucket":1,"minecraft:stripped_dark_oak_wood":97,"minecraft:villager_spawn_egg":14,"minecraft:lantern":9,"minecraft:grass_block":5,"minecraft:dark_oak_wood":116,"minecraft:oak_sapling":391,"minecraft:furnace":19,"minecraft:golden_boots":1,"minecraft:diorite":61,"minecraft:diamond_boots":1,"minecraft:spruce_door":1,"minecraft:stone_pickaxe":1344,"minecraft:powered_rail":6,"minecraft:oak_planks":18,"minecraft:wooden_pickaxe":26,"minecraft:composter":4,"minecraft:oak_leaves":275,"minecraft:white_wool":31,"minecraft:dark_oak_trapdoor":5,"minecraft:blast_furnace":1,"minecraft:shears":952,"minecraft:redstone_torch":5,"minecraft:dark_oak_log":47,"minecraft:gravel":1,"minecraft:diamond_sword":487,"minecraft:dark_oak_fence":5,"minecraft:white_stained_glass":18,"minecraft:andesite":52,"minecraft:oak_boat":4,"minecraft:oak_trapdoor":16,"minecraft:stone_sword":62,"minecraft:flint_and_steel":1,"minecraft:stone_shovel":3425,"minecraft:spruce_planks":395,"minecraft:netherrack":299,"minecraft:torch":81,"minecraft:dirt":4341,"minecraft:anvil":1,"minecraft:hopper":3,"minecraft:spruce_stairs":55,"minecraft:cobblestone_wall":109,"minecraft:oak_wood":2266,"minecraft:spruce_fence":92,"minecraft:shroomlight":129,"minecraft:iron_hoe":124,"minecraft:wooden_axe":13,"minecraft:iron_axe":36,"minecraft:iron_boots":1,"minecraft:barrel":26,"minecraft:diamond_chestplate":1,"minecraft:glowstone":22,"minecraft:white_stained_glass_pane":24,"minecraft:cobbled_deepslate":262,"minecraft:iron_leggings":1,"minecraft:cooked_mutton":4,"minecraft:water_bucket":12,"minecraft:cobblestone_stairs":29,"minecraft:cartography_table":2,"minecraft:copper_block":2,"minecraft:fletching_table":1,"minecraft:spruce_fence_gate":8,"minecraft:stonecutter":1,"minecraft:cobblestone_slab":185,"minecraft:rail":95,"minecraft:crafting_table":24,"minecraft:white_bed":56,"minecraft:dark_oak_fence_gate":4,"minecraft:spruce_log":43,"minecraft:warped_planks":170,"minecraft:smoker":1,"minecraft:oak_log":4,"minecraft:diamond_pickaxe":1019,"minecraft:apple":11,"minecraft:warped_trapdoor":6,"minecraft:chicken":1,"minecraft:oak_button":8,"minecraft:iron_pickaxe":4190,"minecraft:spruce_trapdoor":128,"minecraft:stone_axe":1145,"minecraft:cobblestone":883,"minecraft:bucket":13,"minecraft:yellow_bed":52,"minecraft:diamond_leggings":1},"minecraft:crafted":{"minecraft:oak_planks":556,"minecraft:smooth_stone":3,"minecraft:cobblestone_slab":180,"minecraft:barrel":25,"minecraft:oak_sign":6,"minecraft:dark_oak_wood":114,"minecraft:cobblestone_stairs":45,"minecraft:stone":7,"minecraft:cooked_mutton":4,"minecraft:warped_planks":180,"minecraft:glass":73,"minecraft:hopper":3,"minecraft:diamond_leggings":1,"minecraft:iron_boots":1,"minecraft:chest":62,"minecraft:stripped_dark_oak_wood":33,"minecraft:oak_button":4,"minecraft:copper_block":2,"minecraft:rail":64,"minecraft:smoker":1,"minecraft:oak_slab":216,"minecraft:crafting_table":9,"minecraft:spruce_planks":1996,"minecraft:wooden_pickaxe":1,"minecraft:spruce_door":3,"minecraft:copper_ingot":24,"minecraft:fletching_table":1,"minecraft:oak_wood":2304,"minecraft:spectral_arrow":2,"minecraft:white_stained_glass_pane":32,"minecraft:cartography_table":2,"minecraft:dispenser":1,"minecraft:spruce_trapdoor":132,"minecraft:iron_chestplate":1,"minecraft:paper":6,"minecraft:diamond_pickaxe":1,"minecraft:charcoal":1,"minecraft:shield":1,"minecraft:stick":196,"minecraft:iron_pickaxe":17,"minecraft:iron_ingot":225,"minecraft:iron_block":3,"minecraft:stone_sword":1,"minecraft:gold_ingot":6,"minecraft:light_gray_dye":1,"minecraft:redstone_torch":8,"minecraft:composter":2,"minecraft:dark_oak_fence_gate":4,"minecraft:spruce_fence_gate":4,"minecraft:shears":4,"minecraft:stone_shovel":40,"minecraft:iron_nugget":72,"minecraft:furnace":19,"minecraft:blast_furnace":1,"minecraft:dark_oak_trapdoor":4,"minecraft:bone_meal":18,"minecraft:spruce_fence":126,"minecraft:warped_trapdoor":4,"minecraft:glass_pane":32,"minecraft:oak_trapdoor":16,"minecraft:flint_and_steel":1,"minecraft:lantern":9,"minecraft:spruce_stairs":60,"minecraft:dark_oak_fence":6,"minecraft:iron_axe":1,"minecraft:spruce_wood":9,"minecraft:iron_hoe":1,"minecraft:spruce_slab":264,"minecraft:stone_pickaxe":15,"minecraft:cobblestone_wall":78,"minecraft:diamond_boots":1,"minecraft:dark_oak_planks":192,"minecraft:minecart":1,"minecraft:diamond_sword":1,"minecraft:powered_rail":6,"minecraft:iron_sword":1,"minecraft:bucket":2,"minecraft:stone_axe":52,"minecraft:glowstone":22,"minecraft:white_stained_glass":24,"minecraft:air":0,"minecraft:oak_boat":2,"minecraft:white_dye":10,"minecraft:wooden_axe":1,"minecraft:iron_shovel":25,"minecraft:iron_leggings":1,"minecraft:anvil":1,"minecraft:white_bed":5,"minecraft:torch":96,"minecraft:diamond_chestplate":1},"minecraft:mined":{"minecraft:spruce_planks":8,"minecraft:white_bed":49,"minecraft:oak_sapling":4,"minecraft:farmland":15,"minecraft:spruce_trapdoor":16,"minecraft:granite":34,"minecraft:grass_block":6750,"minecraft:composter":2,"minecraft:oxeye_daisy":1,"minecraft:magma_block":35,"minecraft:glowstone":34,"minecraft:dark_oak_trapdoor":1,"minecraft:cobbled_deepslate":74,"minecraft:iron_ore":184,"minecraft:fire":3,"minecraft:barrel":1,"minecraft:deepslate_lapis_ore":14,"minecraft:stripped_dark_oak_wood":118,"minecraft:azure_bluet":1,"minecraft:dirt_path":46,"minecraft:oak_stairs":1,"minecraft:spruce_slab":2,"minecraft:deepslate_redstone_ore":10,"minecraft:dark_oak_wood":2,"minecraft:poppy":1,"minecraft:chest":8,"minecraft:dead_bush":1,"minecraft:glass":2,"minecraft:nether_quartz_ore":11,"minecraft:cobblestone":122,"minecraft:sugar_cane":5,"minecraft:oak_planks":6,"minecraft:wall_torch":2,"minecraft:deepslate_copper_ore":2,"minecraft:white_terracotta":1,"minecraft:warped_planks":4,"minecraft:yellow_wool":9,"minecraft:stripped_oak_wood":2,"minecraft:copper_block":2,"minecraft:grass":739,"minecraft:oak_log":248,"minecraft:sand":61,"minecraft:dirt":2151,"minecraft:stonecutter":1,"minecraft:netherrack":310,"minecraft:oak_leaves":1069,"minecraft:deepslate":315,"minecraft:nether_gold_ore":11,"minecraft:tuff":73,"minecraft:mossy_cobblestone":2,"minecraft:dark_oak_leaves":1,"minecraft:deepslate_diamond_ore":28,"minecraft:dark_oak_log":115,"minecraft:glow_lichen":1,"minecraft:dark_oak_fence":1,"minecraft:spruce_fence":5,"minecraft:spruce_leaves":18,"minecraft:large_fern":3,"minecraft:redstone_ore":1,"minecraft:oak_trapdoor":3,"minecraft:furnace":1,"minecraft:carrots":119,"minecraft:dark_oak_fence_gate":1,"minecraft:andesite":81,"minecraft:stripped_spruce_log":27,"minecraft:shroomlight":100,"minecraft:deepslate_iron_ore":75,"minecraft:cobblestone_slab":31,"minecraft:rail":26,"minecraft:warped_stem":30,"minecraft:warped_trapdoor":3,"minecraft:stone":4631,"minecraft:white_wool":40,"minecraft:soul_sand":2,"minecraft:stripped_dark_oak_log":47,"minecraft:dandelion":13,"minecraft:crafting_table":16,"minecraft:cornflower":3,"minecraft:oak_wood":41,"minecraft:warped_roots":4,"minecraft:rose_bush":12,"minecraft:tall_grass":49,"minecraft:copper_ore":12,"minecraft:lapis_ore":22,"minecraft:deepslate_gold_ore":1,"minecraft:diorite":75,"minecraft:warped_wart_block":9,"minecraft:spruce_stairs":13,"minecraft:cobblestone_wall":2,"minecraft:spruce_log":125,"minecraft:birch_leaves":5,"minecraft:yellow_bed":53,"minecraft:coal_ore":187,"minecraft:gravel":78,"minecraft:cobweb":1,"minecraft:oak_button":4,"minecraft:spruce_fence_gate":4,"minecraft:fern":10}},"DataVersion":3578}