{"stats":{"minecraft:killed_by":{"minecraft:player":1,"minecraft:creeper":2,"minecraft:skeleton":24,"minecraft:zombie":12},"minecraft:broken":{"minecraft:iron_boots":1,"minecraft:iron_chestplate":1,"minecraft:iron_leggings":1,"minecraft:stone_pickaxe":2,"minecraft:iron_pickaxe":2,"minecraft:wooden_axe":1},"minecraft:picked_up":{"minecraft:crafting_table":9,"minecraft:wheat":1,"minecraft:chicken":4,"minecraft:cornflower":1,"minecraft:oak_trapdoor":1,"minecraft:string":7,"minecraft:cobbled_deepslate":271,"minecraft:cobblestone_slab":2,"minecraft:iron_pickaxe":2,"minecraft:chest":2,"minecraft:furnace":1,"minecraft:egg":1,"minecraft:raw_iron":112,"minecraft:stick":17,"minecraft:composter":1,"minecraft:torch":1,"minecraft:porkchop":1,"minecraft:diorite":34,"minecraft:carrot":51,"minecraft:redstone":12,"minecraft:arrow":9,"minecraft:rotten_flesh":25,"minecraft:beetroot_seeds":2,"minecraft:mutton":21,"minecraft:rail":2,"minecraft:white_wool":15,"minecraft:cobblestone":369,"minecraft:feather":3,"minecraft:glow_ink_sac":2,"minecraft:andesite":21,"minecraft:flint":4,"minecraft:tuff":61,"minecraft:oak_log":45,"minecraft:gunpowder":2,"minecraft:dirt":62,"minecraft:bone":24,"minecraft:apple":3,"minecraft:bow":1,"minecraft:wheat_seeds":9,"minecraft:stone_pickaxe":1,"minecraft:iron_ingot":1,"minecraft:oak_planks":4,"minecraft:music_disc_13":1,"minecraft:dandelion":1,"minecraft:gravel":32,"minecraft:sand":2,"minecraft:white_bed":5,"minecraft:spider_eye":2,"minecraft:mossy_cobblestone":2,"minecraft:diamond":25,"minecraft:granite":17,"minecraft:golden_horse_armor":1,"minecraft:oak_sapling":21,"minecraft:coal":47},"minecraft:dropped":{"minecraft:iron_pickaxe":2,"minecraft:gravel":3,"minecraft:stone_pickaxe":1},"minecraft:mined":{"minecraft:tuff":63,"minecraft:white_bed":5,"minecraft:farmland":1,"minecraft:mossy_cobblestone":2,"minecraft:deepslate_diamond_ore":24,"minecraft:granite":16,"minecraft:grass_block":18,"minecraft:composter":1,"minecraft:oak_trapdoor":1,"minecraft:furnace":1,"minecraft:carrots":31,"minecraft:cobbled_deepslate":3,"minecraft:iron_ore":79,"minecraft:fire":3,"minecraft:andesite":21,"minecraft:cobblestone_slab":1,"minecraft:deepslate_iron_ore":31,"minecraft:stone":329,"minecraft:deepslate_redstone_ore":2,"minecraft:crafting_table":9,"minecraft:cornflower":1,"minecraft:chest":2,"minecraft:tall_grass":5,"minecraft:cobblestone":38,"minecraft:diorite":34,"minecraft:wall_torch":1,"minecraft:grass":68,"minecraft:coal_ore":37,"minecraft:oak_log":6,"minecraft:gravel":32,"minecraft:sand":2,"minecraft:dirt":41,"minecraft:cobweb":1,"minecraft:oak_leaves":1,"minecraft:deepslate":277},"minecraft:used":{"minecraft:oak_trapdoor":2,"minecraft:stone_sword":38,"minecraft:chest":4,"minecraft:shield":42,"minecraft:iron_sword":204,"minecraft:iron_chestplate":1,"minecraft:torch":79,"minecraft:dirt":50,"minecraft:carrot":56,"minecraft:iron_hoe":110,"minecraft:glass":2,"minecraft:wooden_axe":13,"minecraft:iron_boots":1,"minecraft:diamond_chestplate":1,"minecraft:furnace":5,"minecraft:cobbled_deepslate":95,"minecraft:iron_leggings":1,"minecraft:cooked_mutton":4,"minecraft:water_bucket":3,"minecraft:diorite":20,"minecraft:diamond_boots":1,"minecraft:stone_pickaxe":323,"minecraft:wooden_pickaxe":10,"minecraft:composter":2,"minecraft:cobblestone_slab":61,"minecraft:white_wool":2,"minecraft:crafting_table":13,"minecraft:white_bed":5,"minecraft:diamond_pickaxe":150,"minecraft:apple":3,"minecraft:chicken":1,"minecraft:iron_pickaxe":497,"minecraft:diamond_sword":52,"minecraft:cobblestone":301,"minecraft:bucket":3,"minecraft:andesite":20,"minecraft:diamond_leggings":1},"minecraft:crafted":{"minecraft:oak_planks":140,"minecraft:cobblestone_slab":66,"minecraft:furnace":4,"minecraft:cooked_mutton":4,"minecraft:oak_trapdoor":2,"minecraft:glass":2,"minecraft:diamond_leggings":1,"minecraft:iron_boots":1,"minecraft:iron_hoe":1,"minecraft:stone_pickaxe":3,"minecraft:diamond_boots":1,"minecraft:oak_slab":90,"minecraft:diamond_sword":1,"minecraft:crafting_table":4,"minecraft:wooden_pickaxe":1,"minecraft:iron_sword":1,"minecraft:bucket":1,"minecraft:air":0,"minecraft:iron_chestplate":1,"minecraft:diamond_pickaxe":1,"minecraft:charcoal":1,"minecraft:shield":1,"minecraft:stick":52,"minecraft:iron_ingot":43,"minecraft:iron_pickaxe":3,"minecraft:wooden_axe":1,"minecraft:stone_sword":1,"minecraft:iron_leggings":1,"minecraft:white_bed":4,"minecraft:composter":2,"minecraft:torch":80,"minecraft:diamond_chestplate":1},"minecraft:killed":{"minecraft:spider":3,"minecraft:skeleton":11,"minecraft:chicken":5,"minecraft:pig":1,"minecraft:sheep":15,"minecraft:pillager":1,"minecraft:zombie":19},"minecraft:custom":{"minecraft:mob_kills":57,"minecraft:interact_with_crafting_table":69,"minecraft:bell_ring":1,"minecraft:leave_game":4,"minecraft:time_since_death":33070,"minecraft:sprint_one_cm":376952,"minecraft:walk_one_cm":705999,"minecraft:damage_blocked_by_shield":2655,"minecraft:drop":6,"minecraft:talked_to_villager":1,"minecraft:play_time":262272,"minecraft:deaths":42,"minecraft:sneak_time":11695,"minecraft:walk_under_water_one_cm":8233,"minecraft:jump":2238,"minecraft:walk_on_water_one_cm":46083,"minecraft:total_world_time":262272,"minecraft:interact_with_furnace":28,"minecraft:sleep_in_bed":7,"minecraft:time_since_rest":5844,"minecraft:damage_taken":11114,"minecraft:damage_dealt":8352,"minecraft:fly_one_cm":230381,"minecraft:open_chest":15,"minecraft:crouch_one_cm":33453,"minecraft:fall_one_cm":32401}},"DataVersion":3578}