{"stats":{"minecraft:custom":{"minecraft:time_since_rest":783,"minecraft:sprint_one_cm":98520,"minecraft:damage_taken":715,"minecraft:walk_one_cm":124381,"minecraft:mob_kills":4,"minecraft:drop":4,"minecraft:damage_dealt":422,"minecraft:interact_with_crafting_table":11,"minecraft:fly_one_cm":64530,"minecraft:open_chest":9,"minecraft:crouch_one_cm":1616,"minecraft:play_time":65979,"minecraft:deaths":3,"minecraft:sneak_time":908,"minecraft:jump":341,"minecraft:leave_game":4,"minecraft:walk_on_water_one_cm":7,"minecraft:time_since_death":48572,"minecraft:sleep_in_bed":2,"minecraft:total_world_time":65979,"minecraft:fall_one_cm":5028},"minecraft:mined":{"minecraft:white_bed":1,"minecraft:iron_ore":5,"minecraft:crafting_table":3,"minecraft:grass":3,"minecraft:grass_block":2,"minecraft:oak_log":6,"minecraft:coal_ore":19,"minecraft:dirt":2,"minecraft:stone":53,"minecraft:diorite":23,"minecraft:oak_leaves":1},"minecraft:picked_up":{"minecraft:raw_iron":5,"minecraft:stick":17,"minecraft:crafting_table":3,"minecraft:chicken":1,"minecraft:dandelion":1,"minecraft:gravel":3,"minecraft:oak_log":45,"minecraft:diorite":23,"minecraft:white_bed":1,"minecraft:dirt":5,"minecraft:rotten_flesh":3,"minecraft:apple":3,"minecraft:wheat_seeds":1,"minecraft:stone_pickaxe":1,"minecraft:oak_sapling":21,"minecraft:mutton":4,"minecraft:oak_planks":2,"minecraft:coal":19,"minecraft:white_wool":4,"minecraft:cobblestone":47},"minecraft:dropped":{"minecraft:gravel":3,"minecraft:stone_pickaxe":1},"minecraft:killed":{"minecraft:sheep":4},"minecraft:crafted":{"minecraft:oak_planks":24,"minecraft:crafting_table":1,"minecraft:stick":4,"minecraft:wooden_pickaxe":1,"minecraft:stone_pickaxe":1,"minecraft:wooden_axe":1,"minecraft:stone_sword":1,"minecraft:white_bed":1},"minecraft:broken":{"minecraft:wooden_axe":1},"minecraft:used":{"minecraft:wooden_axe":13,"minecraft:apple":3,"minecraft:stone_pickaxe":92,"minecraft:chest":4,"minecraft:wooden_pickaxe":10,"minecraft:dirt":4,"minecraft:crafting_table":3,"minecraft:white_bed":1},"minecraft:killed_by":{"minecraft:player":1,"minecraft:creeper":1,"minecraft:zombie":1}},"DataVersion":3578}