{"stats":{"minecraft:picked_up":{"minecraft:crafting_table":16,"minecraft:wheat":3,"minecraft:chicken":8,"minecraft:wooden_pickaxe":5,"minecraft:oak_stairs":2,"minecraft:shield":2,"minecraft:cornflower":1,"minecraft:string":36,"minecraft:oak_trapdoor":2,"minecraft:raw_copper":26,"minecraft:gold_nugget":53,"minecraft:cobbled_deepslate":514,"minecraft:bucket":3,"minecraft:oak_boat":9,"minecraft:redstone_torch":3,"minecraft:cobblestone_slab":27,"minecraft:iron_pickaxe":2,"minecraft:minecart":5,"minecraft:chest":9,"minecraft:birch_sapling":1,"minecraft:furnace":2,"minecraft:egg":5,"minecraft:music_disc_blocks":1,"minecraft:stick":81,"minecraft:raw_iron":255,"minecraft:composter":2,"minecraft:torch":15,"minecraft:porkchop":3,"minecraft:diorite":67,"minecraft:carrot":158,"minecraft:redstone":85,"minecraft:iron_horse_armor":4,"minecraft:stone_shovel":1,"minecraft:stone_sword":2,"minecraft:arrow":39,"minecraft:rotten_flesh":76,"minecraft:beetroot_seeds":6,"minecraft:white_terracotta":8,"minecraft:mutton":59,"minecraft:rail":47,"minecraft:white_wool":23,"minecraft:cobblestone":4731,"minecraft:birch_log":7,"minecraft:feather":12,"minecraft:glow_ink_sac":6,"minecraft:andesite":109,"minecraft:golden_leggings":1,"minecraft:potato":1,"minecraft:flint":10,"minecraft:tuff":71,"minecraft:oak_log":194,"minecraft:yellow_bed":8,"minecraft:cobblestone_wall":2,"minecraft:gunpowder":31,"minecraft:lapis_lazuli":419,"minecraft:dirt":10735,"minecraft:name_tag":5,"minecraft:bone":83,"minecraft:apple":9,"minecraft:bow":3,"minecraft:stonecutter":1,"minecraft:wheat_seeds":230,"minecraft:raw_gold":1,"minecraft:iron_ingot":6,"minecraft:stone_pickaxe":2,"minecraft:oak_planks":36,"minecraft:soul_sand":1,"minecraft:oak_slab":9,"minecraft:music_disc_13":1,"minecraft:dandelion":2,"minecraft:gravel":133,"minecraft:sand":9,"minecraft:white_bed":51,"minecraft:spider_eye":7,"minecraft:mossy_cobblestone":8,"minecraft:iron_hoe":3,"minecraft:pumpkin_seeds":4,"minecraft:diamond":30,"minecraft:granite":90,"minecraft:golden_horse_armor":3,"minecraft:oak_button":4,"minecraft:oak_sapling":111,"minecraft:netherrack":3,"minecraft:coal":195,"minecraft:diamond_pickaxe":2},"minecraft:killed_by":{"minecraft:player":1,"minecraft:creeper":5,"minecraft:spider":5,"minecraft:pillager":10,"minecraft:skeleton":37,"minecraft:zombie":20},"minecraft:crafted":{"minecraft:barrel":3,"minecraft:oak_planks":388,"minecraft:stone_shovel":22,"minecraft:cobblestone_slab":72,"minecraft:oak_sign":6,"minecraft:furnace":5,"minecraft:cooked_mutton":4,"minecraft:flint_and_steel":1,"minecraft:oak_trapdoor":2,"minecraft:glass":9,"minecraft:hopper":3,"minecraft:diamond_leggings":1,"minecraft:iron_boots":1,"minecraft:iron_axe":1,"minecraft:iron_hoe":1,"minecraft:stone_pickaxe":8,"minecraft:cobblestone_wall":50,"minecraft:chest":10,"minecraft:diamond_boots":1,"minecraft:oak_button":4,"minecraft:rail":64,"minecraft:minecart":1,"minecraft:oak_slab":168,"minecraft:diamond_sword":1,"minecraft:crafting_table":8,"minecraft:powered_rail":6,"minecraft:wooden_pickaxe":1,"minecraft:iron_sword":1,"minecraft:bucket":2,"minecraft:air":0,"minecraft:dispenser":1,"minecraft:oak_boat":2,"minecraft:iron_chestplate":1,"minecraft:charcoal":1,"minecraft:diamond_pickaxe":1,"minecraft:shield":1,"minecraft:stick":152,"minecraft:iron_ingot":170,"minecraft:iron_pickaxe":16,"minecraft:wooden_axe":1,"minecraft:iron_block":3,"minecraft:stone_sword":1,"minecraft:gold_ingot":6,"minecraft:iron_shovel":22,"minecraft:iron_leggings":1,"minecraft:anvil":1,"minecraft:white_bed":5,"minecraft:redstone_torch":8,"minecraft:composter":2,"minecraft:torch":84,"minecraft:diamond_chestplate":1},"minecraft:custom":{"minecraft:interact_with_anvil":4,"minecraft:mob_kills":123,"minecraft:inspect_hopper":3,"minecraft:interact_with_crafting_table":223,"minecraft:open_barrel":16,"minecraft:bell_ring":1,"minecraft:leave_game":19,"minecraft:time_since_death":28445,"minecraft:climb_one_cm":804,"minecraft:sprint_one_cm":959279,"minecraft:damage_blocked_by_shield":2655,"minecraft:walk_one_cm":4423610,"minecraft:drop":95,"minecraft:talked_to_villager":3,"minecraft:play_time":1042509,"minecraft:sneak_time":31871,"minecraft:deaths":103,"minecraft:walk_under_water_one_cm":27484,"minecraft:boat_one_cm":195960,"minecraft:jump":8856,"minecraft:walk_on_water_one_cm":125165,"minecraft:total_world_time":1042509,"minecraft:interact_with_furnace":70,"minecraft:interact_with_stonecutter":3,"minecraft:sleep_in_bed":52,"minecraft:time_since_rest":4998,"minecraft:damage_taken":27637,"minecraft:damage_dealt":21965,"minecraft:swim_one_cm":4056,"minecraft:fly_one_cm":894074,"minecraft:open_chest":139,"minecraft:crouch_one_cm":93313,"minecraft:fall_one_cm":160442,"minecraft:inspect_dispenser":3,"minecraft:horse_one_cm":392},"minecraft:used":{"minecraft:oak_trapdoor":4,"minecraft:iron_shovel":5655,"minecraft:stone_sword":38,"minecraft:flint_and_steel":1,"minecraft:stone_shovel":2634,"minecraft:dispenser":1,"minecraft:oak_sign":5,"minecraft:chest":18,"minecraft:shield":42,"minecraft:iron_sword":204,"minecraft:zombie_spawn_egg":1,"minecraft:iron_chestplate":1,"minecraft:torch":81,"minecraft:soul_sand":1,"minecraft:dirt":3321,"minecraft:anvil":1,"minecraft:hopper":3,"minecraft:cobblestone_wall":86,"minecraft:carrot":176,"minecraft:tuff":71,"minecraft:glass":9,"minecraft:wooden_axe":13,"minecraft:iron_hoe":124,"minecraft:lava_bucket":1,"minecraft:villager_spawn_egg":14,"minecraft:iron_axe":26,"minecraft:grass_block":5,"minecraft:iron_boots":1,"minecraft:barrel":3,"minecraft:diamond_chestplate":1,"minecraft:furnace":7,"minecraft:cobbled_deepslate":262,"minecraft:iron_leggings":1,"minecraft:cooked_mutton":4,"minecraft:water_bucket":12,"minecraft:diorite":61,"minecraft:diamond_boots":1,"minecraft:stone_pickaxe":422,"minecraft:powered_rail":6,"minecraft:oak_planks":18,"minecraft:wooden_pickaxe":26,"minecraft:composter":4,"minecraft:cobblestone_slab":93,"minecraft:stonecutter":1,"minecraft:white_wool":6,"minecraft:rail":95,"minecraft:crafting_table":22,"minecraft:white_bed":55,"minecraft:redstone_torch":5,"minecraft:diamond_pickaxe":990,"minecraft:apple":6,"minecraft:chicken":1,"minecraft:iron_pickaxe":3940,"minecraft:oak_button":8,"minecraft:diamond_sword":487,"minecraft:cobblestone":802,"minecraft:andesite":52,"minecraft:bucket":13,"minecraft:oak_boat":4,"minecraft:yellow_bed":7,"minecraft:diamond_leggings":1},"minecraft:dropped":{"minecraft:lapis_lazuli":63,"minecraft:wheat_seeds":26,"minecraft:oak_log":1,"minecraft:minecart":1,"minecraft:feather":2,"minecraft:apple":1,"minecraft:iron_horse_armor":2,"minecraft:dirt":211,"minecraft:cornflower":1,"minecraft:iron_pickaxe":2,"minecraft:bucket":2,"minecraft:gravel":46,"minecraft:stone_shovel":1,"minecraft:pumpkin_seeds":2,"minecraft:carrot":2,"minecraft:diamond_pickaxe":1,"minecraft:chest":2,"minecraft:spider_eye":2,"minecraft:stone_pickaxe":1,"minecraft:wooden_pickaxe":3},"minecraft:broken":{"minecraft:iron_shovel":22,"minecraft:iron_boots":1,"minecraft:iron_chestplate":1,"minecraft:iron_leggings":1,"minecraft:stone_pickaxe":3,"minecraft:iron_pickaxe":14,"minecraft:wooden_axe":1,"minecraft:stone_shovel":18},"minecraft:killed":{"minecraft:spider":11,"minecraft:skeleton":23,"minecraft:chicken":6,"minecraft:pig":1,"minecraft:iron_golem":1,"minecraft:creeper":3,"minecraft:sheep":17,"minecraft:pillager":9,"minecraft:zombie":44,"minecraft:villager":1},"minecraft:mined":{"minecraft:nether_gold_ore":11,"minecraft:tuff":73,"minecraft:white_bed":49,"minecraft:farmland":15,"minecraft:mossy_cobblestone":2,"minecraft:deepslate_diamond_ore":28,"minecraft:glow_lichen":1,"minecraft:granite":34,"minecraft:grass_block":5658,"minecraft:composter":2,"minecraft:redstone_ore":1,"minecraft:oak_trapdoor":2,"minecraft:furnace":1,"minecraft:carrots":69,"minecraft:iron_ore":133,"minecraft:cobbled_deepslate":74,"minecraft:fire":3,"minecraft:andesite":81,"minecraft:deepslate_lapis_ore":14,"minecraft:dirt_path":20,"minecraft:deepslate_iron_ore":75,"minecraft:cobblestone_slab":26,"minecraft:rail":26,"minecraft:oak_stairs":1,"minecraft:stone":3985,"minecraft:white_wool":6,"minecraft:deepslate_redstone_ore":10,"minecraft:soul_sand":1,"minecraft:dandelion":1,"minecraft:crafting_table":15,"minecraft:cornflower":1,"minecraft:chest":5,"minecraft:rose_bush":5,"minecraft:nether_quartz_ore":7,"minecraft:copper_ore":5,"minecraft:tall_grass":48,"minecraft:glass":2,"minecraft:cobblestone":117,"minecraft:deepslate_gold_ore":1,"minecraft:lapis_ore":22,"minecraft:oak_planks":6,"minecraft:diorite":73,"minecraft:wall_torch":2,"minecraft:deepslate_copper_ore":2,"minecraft:white_terracotta":1,"minecraft:cobblestone_wall":2,"minecraft:yellow_bed":8,"minecraft:grass":482,"minecraft:oak_log":41,"minecraft:coal_ore":177,"minecraft:gravel":42,"minecraft:dirt":1964,"minecraft:sand":8,"minecraft:cobweb":1,"minecraft:oak_button":4,"minecraft:stonecutter":1,"minecraft:netherrack":9,"minecraft:oak_leaves":10,"minecraft:deepslate":314}},"DataVersion":3578}