{"stats":{"minecraft:custom":{"minecraft:time_since_rest":12783,"minecraft:sprint_one_cm":99739,"minecraft:damage_taken":745,"minecraft:walk_one_cm":133123,"minecraft:mob_kills":4,"minecraft:drop":4,"minecraft:damage_dealt":422,"minecraft:interact_with_crafting_table":15,"minecraft:fly_one_cm":64589,"minecraft:open_chest":9,"minecraft:crouch_one_cm":8692,"minecraft:play_time":77979,"minecraft:deaths":3,"minecraft:sneak_time":5079,"minecraft:jump":360,"minecraft:leave_game":4,"minecraft:walk_on_water_one_cm":7,"minecraft:time_since_death":60572,"minecraft:sleep_in_bed":2,"minecraft:total_world_time":77979,"minecraft:fall_one_cm":5508},"minecraft:mined":{"minecraft:white_bed":1,"minecraft:iron_ore":22,"minecraft:andesite":18,"minecraft:crafting_table":5,"minecraft:granite":8,"minecraft:grass":3,"minecraft:grass_block":2,"minecraft:oak_log":6,"minecraft:coal_ore":19,"minecraft:gravel":21,"minecraft:dirt":2,"minecraft:stone":196,"minecraft:diorite":31,"minecraft:oak_leaves":1},"minecraft:picked_up":{"minecraft:raw_iron":22,"minecraft:stick":17,"minecraft:crafting_table":5,"minecraft:chicken":1,"minecraft:andesite":18,"minecraft:dandelion":1,"minecraft:gravel":22,"minecraft:flint":2,"minecraft:oak_log":45,"minecraft:diorite":31,"minecraft:white_bed":1,"minecraft:dirt":5,"minecraft:rotten_flesh":3,"minecraft:apple":3,"minecraft:wheat_seeds":1,"minecraft:granite":8,"minecraft:stone_pickaxe":1,"minecraft:oak_sapling":21,"minecraft:mutton":4,"minecraft:oak_planks":2,"minecraft:coal":19,"minecraft:white_wool":4,"minecraft:cobblestone":187},"minecraft:dropped":{"minecraft:gravel":3,"minecraft:stone_pickaxe":1},"minecraft:killed":{"minecraft:sheep":4},"minecraft:crafted":{"minecraft:oak_planks":24,"minecraft:crafting_table":1,"minecraft:stick":4,"minecraft:wooden_pickaxe":1,"minecraft:stone_pickaxe":3,"minecraft:wooden_axe":1,"minecraft:stone_sword":1,"minecraft:white_bed":1,"minecraft:torch":24},"minecraft:broken":{"minecraft:stone_pickaxe":2,"minecraft:wooden_axe":1},"minecraft:used":{"minecraft:wooden_axe":13,"minecraft:apple":3,"minecraft:stone_pickaxe":301,"minecraft:chest":4,"minecraft:wooden_pickaxe":10,"minecraft:torch":2,"minecraft:dirt":4,"minecraft:cobblestone":2,"minecraft:crafting_table":5,"minecraft:white_bed":1},"minecraft:killed_by":{"minecraft:player":1,"minecraft:creeper":1,"minecraft:zombie":1}},"DataVersion":3578}