{"stats":{"minecraft:killed_by":{"minecraft:player":1,"minecraft:creeper":3,"minecraft:skeleton":29,"minecraft:zombie":13},"minecraft:broken":{"minecraft:iron_shovel":14,"minecraft:iron_boots":1,"minecraft:iron_chestplate":1,"minecraft:iron_leggings":1,"minecraft:stone_pickaxe":2,"minecraft:iron_pickaxe":4,"minecraft:wooden_axe":1},"minecraft:picked_up":{"minecraft:crafting_table":13,"minecraft:wheat":1,"minecraft:chicken":5,"minecraft:oak_stairs":1,"minecraft:cornflower":1,"minecraft:string":11,"minecraft:oak_trapdoor":2,"minecraft:gold_nugget":53,"minecraft:cobbled_deepslate":373,"minecraft:bucket":1,"minecraft:oak_boat":6,"minecraft:cobblestone_slab":21,"minecraft:iron_pickaxe":2,"minecraft:chest":4,"minecraft:furnace":1,"minecraft:egg":3,"minecraft:stick":25,"minecraft:raw_iron":145,"minecraft:composter":2,"minecraft:torch":7,"minecraft:porkchop":1,"minecraft:diorite":66,"minecraft:carrot":158,"minecraft:redstone":85,"minecraft:arrow":9,"minecraft:rotten_flesh":32,"minecraft:beetroot_seeds":2,"minecraft:white_terracotta":4,"minecraft:mutton":25,"minecraft:rail":15,"minecraft:white_wool":23,"minecraft:cobblestone":1434,"minecraft:feather":5,"minecraft:glow_ink_sac":2,"minecraft:andesite":63,"minecraft:flint":4,"minecraft:tuff":71,"minecraft:oak_log":84,"minecraft:yellow_bed":1,"minecraft:gunpowder":3,"minecraft:lapis_lazuli":127,"minecraft:dirt":3951,"minecraft:bone":29,"minecraft:apple":4,"minecraft:stonecutter":1,"minecraft:bow":2,"minecraft:wheat_seeds":91,"minecraft:raw_gold":1,"minecraft:stone_pickaxe":1,"minecraft:iron_ingot":1,"minecraft:soul_sand":1,"minecraft:oak_planks":15,"minecraft:music_disc_13":1,"minecraft:dandelion":2,"minecraft:gravel":50,"minecraft:sand":9,"minecraft:white_bed":14,"minecraft:spider_eye":2,"minecraft:mossy_cobblestone":4,"minecraft:iron_hoe":1,"minecraft:diamond":27,"minecraft:granite":53,"minecraft:golden_horse_armor":1,"minecraft:oak_button":1,"minecraft:oak_sapling":25,"minecraft:netherrack":2,"minecraft:coal":48,"minecraft:diamond_pickaxe":1},"minecraft:dropped":{"minecraft:wheat_seeds":12,"minecraft:cornflower":1,"minecraft:iron_pickaxe":2,"minecraft:gravel":3,"minecraft:carrot":2,"minecraft:diamond_pickaxe":1,"minecraft:stone_pickaxe":1},"minecraft:mined":{"minecraft:nether_gold_ore":11,"minecraft:tuff":73,"minecraft:white_bed":14,"minecraft:farmland":15,"minecraft:mossy_cobblestone":2,"minecraft:deepslate_diamond_ore":26,"minecraft:glow_lichen":1,"minecraft:granite":34,"minecraft:grass_block":2703,"minecraft:composter":2,"minecraft:redstone_ore":1,"minecraft:oak_trapdoor":2,"minecraft:furnace":1,"minecraft:carrots":69,"minecraft:iron_ore":101,"minecraft:cobbled_deepslate":74,"minecraft:fire":3,"minecraft:andesite":63,"minecraft:deepslate_iron_ore":38,"minecraft:cobblestone_slab":23,"minecraft:oak_stairs":1,"minecraft:stone":1310,"minecraft:white_wool":6,"minecraft:deepslate_redstone_ore":10,"minecraft:soul_sand":1,"minecraft:dandelion":1,"minecraft:crafting_table":13,"minecraft:cornflower":1,"minecraft:chest":4,"minecraft:glass":2,"minecraft:nether_quartz_ore":7,"minecraft:tall_grass":22,"minecraft:cobblestone":75,"minecraft:lapis_ore":19,"minecraft:deepslate_gold_ore":1,"minecraft:oak_planks":6,"minecraft:diorite":66,"minecraft:wall_torch":2,"minecraft:white_terracotta":1,"minecraft:yellow_bed":1,"minecraft:grass":213,"minecraft:oak_log":25,"minecraft:coal_ore":38,"minecraft:gravel":41,"minecraft:sand":8,"minecraft:dirt":943,"minecraft:cobweb":1,"minecraft:oak_button":1,"minecraft:stonecutter":1,"minecraft:netherrack":9,"minecraft:oak_leaves":6,"minecraft:deepslate":286},"minecraft:used":{"minecraft:oak_trapdoor":4,"minecraft:stone_sword":38,"minecraft:iron_shovel":3748,"minecraft:flint_and_steel":1,"minecraft:dispenser":1,"minecraft:chest":10,"minecraft:shield":42,"minecraft:iron_sword":204,"minecraft:iron_chestplate":1,"minecraft:torch":81,"minecraft:soul_sand":1,"minecraft:dirt":610,"minecraft:carrot":176,"minecraft:tuff":71,"minecraft:iron_hoe":124,"minecraft:glass":9,"minecraft:wooden_axe":13,"minecraft:iron_axe":15,"minecraft:iron_boots":1,"minecraft:diamond_chestplate":1,"minecraft:furnace":5,"minecraft:cobbled_deepslate":262,"minecraft:iron_leggings":1,"minecraft:cooked_mutton":4,"minecraft:water_bucket":9,"minecraft:diorite":61,"minecraft:diamond_boots":1,"minecraft:powered_rail":2,"minecraft:stone_pickaxe":323,"minecraft:oak_planks":18,"minecraft:wooden_pickaxe":10,"minecraft:composter":4,"minecraft:stonecutter":1,"minecraft:cobblestone_slab":90,"minecraft:white_wool":6,"minecraft:rail":3,"minecraft:crafting_table":19,"minecraft:white_bed":19,"minecraft:redstone_torch":1,"minecraft:diamond_pickaxe":733,"minecraft:apple":6,"minecraft:chicken":1,"minecraft:iron_pickaxe":1245,"minecraft:oak_button":5,"minecraft:diamond_sword":145,"minecraft:cobblestone":501,"minecraft:andesite":52,"minecraft:bucket":11,"minecraft:yellow_bed":1,"minecraft:oak_boat":4,"minecraft:diamond_leggings":1},"minecraft:crafted":{"minecraft:oak_planks":260,"minecraft:cobblestone_slab":72,"minecraft:oak_sign":6,"minecraft:furnace":4,"minecraft:cooked_mutton":4,"minecraft:oak_trapdoor":2,"minecraft:flint_and_steel":1,"minecraft:hopper":3,"minecraft:glass":9,"minecraft:diamond_leggings":1,"minecraft:iron_boots":1,"minecraft:iron_axe":1,"minecraft:iron_hoe":1,"minecraft:stone_pickaxe":3,"minecraft:cobblestone_wall":50,"minecraft:chest":8,"minecraft:diamond_boots":1,"minecraft:oak_button":4,"minecraft:rail":16,"minecraft:minecart":1,"minecraft:oak_slab":90,"minecraft:diamond_sword":1,"minecraft:crafting_table":6,"minecraft:wooden_pickaxe":1,"minecraft:powered_rail":6,"minecraft:iron_sword":1,"minecraft:bucket":2,"minecraft:air":0,"minecraft:dispenser":1,"minecraft:oak_boat":2,"minecraft:iron_chestplate":1,"minecraft:diamond_pickaxe":1,"minecraft:charcoal":1,"minecraft:shield":1,"minecraft:stick":84,"minecraft:iron_ingot":93,"minecraft:iron_pickaxe":5,"minecraft:wooden_axe":1,"minecraft:stone_sword":1,"minecraft:iron_shovel":15,"minecraft:iron_leggings":1,"minecraft:gold_ingot":6,"minecraft:white_bed":5,"minecraft:redstone_torch":2,"minecraft:composter":2,"minecraft:torch":84,"minecraft:diamond_chestplate":1},"minecraft:killed":{"minecraft:spider":5,"minecraft:skeleton":12,"minecraft:chicken":6,"minecraft:pig":1,"minecraft:creeper":1,"minecraft:sheep":17,"minecraft:pillager":2,"minecraft:zombie":26},"minecraft:custom":{"minecraft:mob_kills":72,"minecraft:interact_with_crafting_table":134,"minecraft:bell_ring":1,"minecraft:leave_game":9,"minecraft:time_since_death":9593,"minecraft:climb_one_cm":804,"minecraft:sprint_one_cm":637494,"minecraft:walk_one_cm":2051083,"minecraft:damage_blocked_by_shield":2655,"minecraft:drop":11,"minecraft:talked_to_villager":2,"minecraft:play_time":573354,"minecraft:sneak_time":21152,"minecraft:deaths":59,"minecraft:walk_under_water_one_cm":20088,"minecraft:boat_one_cm":195960,"minecraft:jump":5187,"minecraft:walk_on_water_one_cm":111971,"minecraft:total_world_time":573354,"minecraft:interact_with_furnace":41,"minecraft:interact_with_stonecutter":2,"minecraft:sleep_in_bed":24,"minecraft:time_since_rest":8898,"minecraft:damage_taken":15749,"minecraft:damage_dealt":10828,"minecraft:swim_one_cm":4056,"minecraft:fly_one_cm":562052,"minecraft:open_chest":54,"minecraft:crouch_one_cm":60987,"minecraft:fall_one_cm":85427,"minecraft:inspect_dispenser":1}},"DataVersion":3578}