{"stats":{"minecraft:custom":{"minecraft:jump":22,"minecraft:time_since_rest":9640,"minecraft:leave_game":1,"minecraft:damage_dealt":36,"minecraft:sprint_one_cm":6385,"minecraft:play_time":9640,"minecraft:damage_taken":225,"minecraft:time_since_death":9640,"minecraft:walk_one_cm":4024,"minecraft:sneak_time":57,"minecraft:total_world_time":9640,"minecraft:drop":19,"minecraft:fly_one_cm":30644},"minecraft:dropped":{"minecraft:stripped_jungle_log":1,"minecraft:dirt":32,"minecraft:stone_axe":1,"minecraft:jungle_log":64,"minecraft:birch_stairs":64,"minecraft:birch_planks":65}},"DataVersion":3578}