{"stats":{"minecraft:custom":{"minecraft:interact_with_furnace":50,"minecraft:mob_kills":43,"minecraft:interact_with_crafting_table":24,"minecraft:leave_game":3,"minecraft:time_since_death":43388,"minecraft:time_since_rest":43418,"minecraft:sprint_one_cm":132574,"minecraft:damage_taken":1580,"minecraft:walk_one_cm":95108,"minecraft:damage_blocked_by_shield":3120,"minecraft:drop":32,"minecraft:damage_dealt":6298,"minecraft:swim_one_cm":14368,"minecraft:player_kills":1,"minecraft:fly_one_cm":123725,"minecraft:open_chest":2,"minecraft:crouch_one_cm":6478,"minecraft:play_time":59494,"minecraft:deaths":1,"minecraft:sneak_time":3836,"minecraft:walk_under_water_one_cm":12080,"minecraft:jump":806,"minecraft:walk_on_water_one_cm":4116,"minecraft:total_world_time":59494,"minecraft:fall_one_cm":16396},"minecraft:mined":{"minecraft:deepslate_redstone_ore":5,"minecraft:diamond_ore":1,"minecraft:mossy_cobblestone":2,"minecraft:deepslate_diamond_ore":54,"minecraft:crafting_table":9,"minecraft:granite":2,"minecraft:grass_block":1,"minecraft:cobblestone":11,"minecraft:tall_grass":8,"minecraft:deepslate_gold_ore":2,"minecraft:lapis_ore":4,"minecraft:wall_torch":1,"minecraft:raw_iron_block":1,"minecraft:furnace":10,"minecraft:cobbled_deepslate":9,"minecraft:iron_ore":33,"minecraft:andesite":3,"minecraft:deepslate_lapis_ore":2,"minecraft:grass":9,"minecraft:coal_ore":16,"minecraft:oak_log":6,"minecraft:deepslate_iron_ore":39,"minecraft:gravel":2,"minecraft:dirt":1,"minecraft:stone":50,"minecraft:deepslate":199,"minecraft:oak_leaves":3,"minecraft:tuff":35},"minecraft:picked_up":{"minecraft:birch_log":13,"minecraft:birch_door":2,"minecraft:charcoal":21,"minecraft:crafting_table":9,"minecraft:feather":1,"minecraft:cooked_beef":2,"minecraft:chicken":2,"minecraft:andesite":6,"minecraft:leather":14,"minecraft:diamond_sword":1,"minecraft:flint":3,"minecraft:tuff":41,"minecraft:oak_log":23,"minecraft:gunpowder":2,"minecraft:lapis_lazuli":39,"minecraft:dirt":1,"minecraft:string":7,"minecraft:iron_leggings":1,"minecraft:cooked_mutton":1,"minecraft:bone":4,"minecraft:wheat_seeds":2,"minecraft:cobbled_deepslate":215,"minecraft:raw_gold":2,"minecraft:beef":13,"minecraft:birch_sapling":4,"minecraft:oak_planks":2,"minecraft:iron_boots":1,"minecraft:furnace":10,"minecraft:stick":5,"minecraft:raw_iron":75,"minecraft:torch":1,"minecraft:raw_iron_block":1,"minecraft:gravel":1,"minecraft:porkchop":5,"minecraft:mossy_cobblestone":2,"minecraft:redstone":23,"minecraft:spider_eye":2,"minecraft:arrow":2,"minecraft:rotten_flesh":22,"minecraft:diamond":59,"minecraft:iron_helmet":1,"minecraft:granite":1,"minecraft:iron_chestplate":1,"minecraft:oak_sapling":5,"minecraft:black_wool":1,"minecraft:mutton":14,"minecraft:coal":35,"minecraft:white_wool":6,"minecraft:cobblestone":71},"minecraft:dropped":{"minecraft:gravel":1,"minecraft:wheat_seeds":2,"minecraft:mossy_cobblestone":2,"minecraft:birch_sapling":4,"minecraft:stone_shovel":1,"minecraft:iron_helmet":2,"minecraft:chicken":1,"minecraft:rotten_flesh":11,"minecraft:feather":1,"minecraft:cobblestone":7,"minecraft:iron_boots":2,"minecraft:leather":7,"minecraft:granite":1,"minecraft:stick":1,"minecraft:flint":2,"minecraft:diamond_sword":1,"minecraft:gunpowder":1,"minecraft:iron_chestplate":1,"minecraft:andesite":2,"minecraft:oak_sapling":5,"minecraft:iron_leggings":2,"minecraft:spider_eye":2,"minecraft:stone_pickaxe":1,"minecraft:wooden_pickaxe":1},"minecraft:killed":{"minecraft:pig":3,"minecraft:spider":5,"minecraft:creeper":1,"minecraft:skeleton":5,"minecraft:sheep":7,"minecraft:horse":4,"minecraft:zombie":11,"minecraft:chicken":2,"minecraft:cow":4},"minecraft:crafted":{"minecraft:cooked_beef":9,"minecraft:oak_planks":32,"minecraft:raw_iron":9,"minecraft:stone_shovel":1,"minecraft:diamond_sword":1,"minecraft:cooked_porkchop":5,"minecraft:crafting_table":3,"minecraft:iron_helmet":1,"minecraft:wooden_pickaxe":1,"minecraft:iron_sword":1,"minecraft:furnace":3,"minecraft:bucket":1,"minecraft:birch_planks":24,"minecraft:stone_axe":1,"minecraft:cooked_mutton":6,"minecraft:air":0,"minecraft:diamond_helmet":1,"minecraft:diamond_leggings":1,"minecraft:iron_chestplate":1,"minecraft:iron_boots":1,"minecraft:diamond_pickaxe":1,"minecraft:charcoal":3,"minecraft:shield":1,"minecraft:stick":28,"minecraft:iron_ingot":39,"minecraft:iron_pickaxe":1,"minecraft:stone_pickaxe":1,"minecraft:diamond_boots":1,"minecraft:iron_leggings":1,"minecraft:birch_door":3,"minecraft:torch":12,"minecraft:diamond_chestplate":1},"minecraft:broken":{"minecraft:shield":1},"minecraft:used":{"minecraft:cooked_mutton":7,"minecraft:water_bucket":14,"minecraft:stone_pickaxe":57,"minecraft:shield":39,"minecraft:wooden_pickaxe":3,"minecraft:iron_sword":120,"minecraft:torch":10,"minecraft:dirt":1,"minecraft:mutton":1,"minecraft:crafting_table":12,"minecraft:birch_door":2,"minecraft:diamond_pickaxe":305,"minecraft:black_wool":1,"minecraft:bread":1,"minecraft:iron_pickaxe":114,"minecraft:stone_axe":9,"minecraft:cobblestone":27,"minecraft:furnace":12,"minecraft:cooked_porkchop":5,"minecraft:bucket":15,"minecraft:andesite":4,"minecraft:cooked_beef":11,"minecraft:cobbled_deepslate":76},"minecraft:killed_by":{"minecraft:skeleton":1}},"DataVersion":3578}