{"stats":{"minecraft:used":{"minecraft:oak_trapdoor":9,"minecraft:enchanting_table":1,"minecraft:iron_shovel":90,"minecraft:dispenser":2,"minecraft:chest":2,"minecraft:shield":39,"minecraft:iron_sword":176,"minecraft:cooked_salmon":13,"minecraft:rotten_flesh":4,"minecraft:torch":14,"minecraft:dirt":153,"minecraft:mutton":1,"minecraft:tuff":2,"minecraft:spruce_boat":2,"minecraft:birch_door":2,"minecraft:iron_hoe":64,"minecraft:iron_axe":37,"minecraft:iron_boots":1,"minecraft:beef":6,"minecraft:furnace":18,"minecraft:minecart":3,"minecraft:potato":6,"minecraft:cooked_beef":11,"minecraft:cobbled_deepslate":101,"minecraft:cooked_mutton":8,"minecraft:water_bucket":29,"minecraft:stone_pickaxe":57,"minecraft:powered_rail":4,"minecraft:oak_planks":165,"minecraft:wooden_pickaxe":3,"minecraft:diamond_axe":62,"minecraft:composter":5,"minecraft:fletching_table":13,"minecraft:oak_leaves":2,"minecraft:rail":45,"minecraft:oak_slab":23,"minecraft:crafting_table":17,"minecraft:white_bed":5,"minecraft:spruce_log":1,"minecraft:shears":2,"minecraft:smoker":1,"minecraft:oak_log":43,"minecraft:redstone_torch":1,"minecraft:black_wool":1,"minecraft:diamond_pickaxe":793,"minecraft:oak_button":2,"minecraft:bread":70,"minecraft:iron_pickaxe":114,"minecraft:lectern":5,"minecraft:gravel":38,"minecraft:spruce_sapling":57,"minecraft:stone_axe":10,"minecraft:diamond_sword":70,"minecraft:cobblestone":103,"minecraft:grindstone":1,"minecraft:cooked_porkchop":5,"minecraft:andesite":4,"minecraft:bucket":30,"minecraft:oak_boat":6,"minecraft:bone_meal":30},"minecraft:dropped":{"minecraft:bread":163,"minecraft:wheat_seeds":3,"minecraft:mossy_cobblestone":2,"minecraft:feather":1,"minecraft:iron_helmet":2,"minecraft:cobblestone":7,"minecraft:leather":7,"minecraft:granite":1,"minecraft:flint":2,"minecraft:stick":1,"minecraft:iron_leggings":2,"minecraft:gravel":1,"minecraft:birch_sapling":4,"minecraft:stone_shovel":1,"minecraft:chicken":1,"minecraft:rotten_flesh":11,"minecraft:iron_boots":2,"minecraft:diamond_sword":1,"minecraft:potato":6,"minecraft:gunpowder":1,"minecraft:spruce_planks":11,"minecraft:iron_chestplate":2,"minecraft:andesite":2,"minecraft:oak_sapling":5,"minecraft:spider_eye":2,"minecraft:beef":3,"minecraft:stone_pickaxe":1,"minecraft:wooden_pickaxe":1},"minecraft:custom":{"minecraft:mob_kills":98,"minecraft:interact_with_crafting_table":73,"minecraft:leave_game":12,"minecraft:time_since_death":0,"minecraft:sprint_one_cm":539147,"minecraft:walk_one_cm":341421,"minecraft:damage_blocked_by_shield":3120,"minecraft:drop":44,"minecraft:talked_to_villager":50,"minecraft:play_time":329810,"minecraft:sneak_time":10455,"minecraft:deaths":11,"minecraft:walk_under_water_one_cm":22078,"minecraft:boat_one_cm":94989,"minecraft:jump":3252,"minecraft:walk_on_water_one_cm":28669,"minecraft:enchant_item":4,"minecraft:total_world_time":329810,"minecraft:interact_with_furnace":90,"minecraft:traded_with_villager":151,"minecraft:interact_with_grindstone":3,"minecraft:sleep_in_bed":4,"minecraft:time_since_rest":35405,"minecraft:damage_taken":5609,"minecraft:damage_dealt":13876,"minecraft:player_kills":1,"minecraft:swim_one_cm":55460,"minecraft:fly_one_cm":709658,"minecraft:open_chest":76,"minecraft:crouch_one_cm":27250,"minecraft:fall_one_cm":68575,"minecraft:interact_with_smoker":4,"minecraft:inspect_dispenser":5},"minecraft:killed_by":{"minecraft:creeper":1,"minecraft:skeleton":4,"minecraft:zombie":6},"minecraft:crafted":{"minecraft:grindstone":1,"minecraft:oak_planks":392,"minecraft:raw_iron":9,"minecraft:stone_shovel":1,"minecraft:oak_sign":3,"minecraft:furnace":8,"minecraft:stone":4,"minecraft:bone_meal":30,"minecraft:bookshelf":1,"minecraft:cooked_mutton":6,"minecraft:oak_trapdoor":12,"minecraft:diamond_helmet":1,"minecraft:diamond_leggings":1,"minecraft:bow":1,"minecraft:iron_boots":1,"minecraft:iron_axe":2,"minecraft:spruce_slab":6,"minecraft:iron_hoe":1,"minecraft:stone_pickaxe":1,"minecraft:chest":2,"minecraft:diamond_boots":1,"minecraft:oak_button":2,"minecraft:spruce_boat":1,"minecraft:birch_door":3,"minecraft:rail":48,"minecraft:smoker":1,"minecraft:minecart":1,"minecraft:wheat":666,"minecraft:cooked_beef":9,"minecraft:dropper":1,"minecraft:oak_slab":24,"minecraft:emerald":118,"minecraft:diamond_sword":1,"minecraft:arrow":32,"minecraft:cooked_porkchop":5,"minecraft:diamond_axe":1,"minecraft:crafting_table":5,"minecraft:spruce_planks":2572,"minecraft:enchanting_table":1,"minecraft:iron_helmet":1,"minecraft:wooden_pickaxe":1,"minecraft:powered_rail":6,"minecraft:iron_sword":1,"minecraft:cooked_salmon":10,"minecraft:fletching_table":2,"minecraft:bucket":1,"minecraft:birch_planks":36,"minecraft:stone_axe":1,"minecraft:bread":402,"minecraft:air":0,"minecraft:dispenser":1,"minecraft:oak_boat":2,"minecraft:lectern":1,"minecraft:book":6,"minecraft:iron_chestplate":1,"minecraft:paper":18,"minecraft:charcoal":37,"minecraft:diamond_pickaxe":2,"minecraft:shield":1,"minecraft:stick":5320,"minecraft:stone_slab":6,"minecraft:iron_ingot":89,"minecraft:iron_pickaxe":1,"minecraft:iron_shovel":1,"minecraft:gold_ingot":38,"minecraft:iron_leggings":1,"minecraft:redstone_torch":2,"minecraft:torch":12,"minecraft:shears":1,"minecraft:diamond_chestplate":1},"minecraft:mined":{"minecraft:diamond_ore":7,"minecraft:tuff":38,"minecraft:white_bed":6,"minecraft:mossy_cobblestone":6,"minecraft:deepslate_diamond_ore":66,"minecraft:obsidian":14,"minecraft:granite":2,"minecraft:grass_block":86,"minecraft:spruce_leaves":15,"minecraft:red_mushroom":1,"minecraft:composter":5,"minecraft:hay_block":98,"minecraft:tall_seagrass":2,"minecraft:raw_iron_block":1,"minecraft:oak_trapdoor":1,"minecraft:spruce_sapling":1,"minecraft:furnace":11,"minecraft:iron_ore":45,"minecraft:cobbled_deepslate":11,"minecraft:andesite":25,"minecraft:deepslate_lapis_ore":3,"minecraft:fletching_table":11,"minecraft:gold_block":1,"minecraft:enchanting_table":1,"minecraft:potatoes":1,"minecraft:deepslate_iron_ore":45,"minecraft:dirt_path":14,"minecraft:rail":24,"minecraft:stripped_oak_log":4,"minecraft:stone":192,"minecraft:deepslate_redstone_ore":16,"minecraft:oak_slab":5,"minecraft:smoker":1,"minecraft:oak_fence":3,"minecraft:crafting_table":12,"minecraft:chest":1,"minecraft:rose_bush":1,"minecraft:lectern":4,"minecraft:tall_grass":17,"minecraft:cobblestone":25,"minecraft:deepslate_gold_ore":18,"minecraft:lapis_ore":10,"minecraft:oak_planks":22,"minecraft:grindstone":1,"minecraft:sugar_cane":9,"minecraft:diorite":6,"minecraft:wall_torch":1,"minecraft:powered_rail":2,"minecraft:spruce_log":1,"minecraft:stripped_oak_wood":1,"minecraft:yellow_bed":2,"minecraft:grass":73,"minecraft:coal_ore":16,"minecraft:oak_log":25,"minecraft:gravel":46,"minecraft:dirt":61,"minecraft:stonecutter":1,"minecraft:dispenser":1,"minecraft:gold_ore":10,"minecraft:deepslate":352,"minecraft:oak_leaves":9,"minecraft:fern":1},"minecraft:killed":{"minecraft:spider":10,"minecraft:skeleton":16,"minecraft:horse":4,"minecraft:chicken":2,"minecraft:pig":3,"minecraft:salmon":16,"minecraft:creeper":1,"minecraft:sheep":7,"minecraft:pillager":3,"minecraft:zombie":22,"minecraft:villager":1,"minecraft:cow":11},"minecraft:picked_up":{"minecraft:charcoal":24,"minecraft:iron_chestplate":1,"minecraft:crafting_table":12,"minecraft:birch_door":2,"minecraft:chicken":2,"minecraft:diamond_sword":1,"minecraft:gold_block":1,"minecraft:string":13,"minecraft:oak_trapdoor":2,"minecraft:iron_leggings":1,"minecraft:cobbled_deepslate":377,"minecraft:spruce_planks":11,"minecraft:beef":24,"minecraft:oak_boat":6,"minecraft:rose_bush":1,"minecraft:poppy":1,"minecraft:minecart":5,"minecraft:lectern":4,"minecraft:sugar_cane":25,"minecraft:chest":1,"minecraft:birch_sapling":4,"minecraft:iron_boots":1,"minecraft:furnace":11,"minecraft:stick":84,"minecraft:raw_iron":96,"minecraft:composter":5,"minecraft:oak_fence":3,"minecraft:torch":6,"minecraft:porkchop":5,"minecraft:diorite":6,"minecraft:redstone":77,"minecraft:arrow":13,"minecraft:rotten_flesh":33,"minecraft:hay_block":98,"minecraft:obsidian":16,"minecraft:mutton":14,"minecraft:rail":24,"minecraft:white_wool":7,"minecraft:cobblestone":234,"minecraft:birch_log":13,"minecraft:enchanting_table":1,"minecraft:feather":1,"minecraft:cooked_beef":2,"minecraft:andesite":28,"minecraft:salmon":16,"minecraft:leather":21,"minecraft:smoker":1,"minecraft:red_mushroom":1,"minecraft:potato":7,"minecraft:flint":7,"minecraft:tuff":43,"minecraft:oak_log":165,"minecraft:yellow_bed":2,"minecraft:gunpowder":2,"minecraft:lapis_lazuli":85,"minecraft:dirt":202,"minecraft:white_banner":1,"minecraft:cooked_mutton":1,"minecraft:bone":21,"minecraft:apple":7,"minecraft:stonecutter":1,"minecraft:wheat_seeds":17,"minecraft:raw_gold":29,"minecraft:iron_ingot":3,"minecraft:grindstone":1,"minecraft:stripped_oak_wood":1,"minecraft:fletching_table":11,"minecraft:powered_rail":2,"minecraft:oak_planks":85,"minecraft:oak_slab":3,"minecraft:raw_iron_block":1,"minecraft:gravel":41,"minecraft:spruce_sapling":141,"minecraft:white_bed":6,"minecraft:spruce_log":883,"minecraft:spider_eye":2,"minecraft:mossy_cobblestone":6,"minecraft:dispenser":1,"minecraft:diamond":78,"minecraft:spruce_boat":1,"minecraft:iron_helmet":1,"minecraft:granite":1,"minecraft:oak_sapling":61,"minecraft:black_wool":1,"minecraft:coal":35,"minecraft:oak_leaves":2},"minecraft:broken":{"minecraft:shield":1,"minecraft:iron_axe":1}},"DataVersion":3578}