{"stats":{"minecraft:custom":{"minecraft:mob_kills":50,"minecraft:interact_with_crafting_table":24,"minecraft:leave_game":3,"minecraft:time_since_death":55388,"minecraft:sprint_one_cm":137157,"minecraft:walk_one_cm":102888,"minecraft:damage_blocked_by_shield":3120,"minecraft:drop":33,"minecraft:play_time":71494,"minecraft:deaths":1,"minecraft:sneak_time":5029,"minecraft:walk_under_water_one_cm":12080,"minecraft:jump":940,"minecraft:walk_on_water_one_cm":10384,"minecraft:total_world_time":71494,"minecraft:interact_with_furnace":50,"minecraft:time_since_rest":55418,"minecraft:damage_taken":1655,"minecraft:damage_dealt":7618,"minecraft:swim_one_cm":14368,"minecraft:fly_one_cm":125301,"minecraft:player_kills":1,"minecraft:open_chest":4,"minecraft:crouch_one_cm":8212,"minecraft:fall_one_cm":16396},"minecraft:mined":{"minecraft:diamond_ore":1,"minecraft:tuff":38,"minecraft:mossy_cobblestone":5,"minecraft:deepslate_diamond_ore":54,"minecraft:obsidian":14,"minecraft:granite":2,"minecraft:grass_block":1,"minecraft:raw_iron_block":1,"minecraft:furnace":10,"minecraft:iron_ore":33,"minecraft:cobbled_deepslate":11,"minecraft:andesite":3,"minecraft:deepslate_lapis_ore":2,"minecraft:deepslate_iron_ore":39,"minecraft:stone":104,"minecraft:deepslate_redstone_ore":5,"minecraft:crafting_table":9,"minecraft:tall_grass":8,"minecraft:cobblestone":17,"minecraft:lapis_ore":4,"minecraft:deepslate_gold_ore":2,"minecraft:diorite":2,"minecraft:wall_torch":1,"minecraft:grass":9,"minecraft:oak_log":6,"minecraft:coal_ore":16,"minecraft:gravel":2,"minecraft:dirt":1,"minecraft:oak_leaves":3,"minecraft:deepslate":288},"minecraft:picked_up":{"minecraft:iron_chestplate":1,"minecraft:charcoal":21,"minecraft:crafting_table":9,"minecraft:birch_door":2,"minecraft:chicken":2,"minecraft:diamond_sword":1,"minecraft:string":7,"minecraft:iron_leggings":1,"minecraft:cobbled_deepslate":312,"minecraft:beef":13,"minecraft:birch_sapling":4,"minecraft:furnace":10,"minecraft:iron_boots":1,"minecraft:raw_iron":75,"minecraft:stick":5,"minecraft:torch":2,"minecraft:porkchop":5,"minecraft:diorite":2,"minecraft:redstone":23,"minecraft:arrow":3,"minecraft:rotten_flesh":22,"minecraft:obsidian":16,"minecraft:mutton":14,"minecraft:white_wool":6,"minecraft:cobblestone":133,"minecraft:birch_log":13,"minecraft:feather":1,"minecraft:cooked_beef":2,"minecraft:andesite":6,"minecraft:leather":14,"minecraft:flint":3,"minecraft:tuff":43,"minecraft:oak_log":23,"minecraft:gunpowder":2,"minecraft:dirt":1,"minecraft:lapis_lazuli":39,"minecraft:cooked_mutton":1,"minecraft:bone":9,"minecraft:wheat_seeds":2,"minecraft:raw_gold":2,"minecraft:oak_planks":2,"minecraft:raw_iron_block":1,"minecraft:gravel":1,"minecraft:spider_eye":2,"minecraft:mossy_cobblestone":5,"minecraft:diamond":59,"minecraft:iron_helmet":1,"minecraft:granite":1,"minecraft:oak_sapling":5,"minecraft:black_wool":1,"minecraft:coal":35},"minecraft:dropped":{"minecraft:wheat_seeds":2,"minecraft:mossy_cobblestone":2,"minecraft:feather":1,"minecraft:iron_helmet":2,"minecraft:cobblestone":7,"minecraft:leather":7,"minecraft:granite":1,"minecraft:stick":1,"minecraft:flint":2,"minecraft:iron_leggings":2,"minecraft:gravel":1,"minecraft:birch_sapling":4,"minecraft:stone_shovel":1,"minecraft:chicken":1,"minecraft:rotten_flesh":11,"minecraft:iron_boots":2,"minecraft:diamond_sword":1,"minecraft:gunpowder":1,"minecraft:iron_chestplate":2,"minecraft:andesite":2,"minecraft:oak_sapling":5,"minecraft:spider_eye":2,"minecraft:wooden_pickaxe":1,"minecraft:stone_pickaxe":1},"minecraft:killed":{"minecraft:spider":5,"minecraft:horse":4,"minecraft:skeleton":10,"minecraft:chicken":2,"minecraft:pig":3,"minecraft:creeper":1,"minecraft:sheep":7,"minecraft:zombie":13,"minecraft:cow":4},"minecraft:crafted":{"minecraft:oak_planks":32,"minecraft:raw_iron":9,"minecraft:stone_shovel":1,"minecraft:furnace":3,"minecraft:cooked_mutton":6,"minecraft:diamond_helmet":1,"minecraft:diamond_leggings":1,"minecraft:iron_boots":1,"minecraft:stone_pickaxe":1,"minecraft:diamond_boots":1,"minecraft:birch_door":3,"minecraft:cooked_beef":9,"minecraft:diamond_sword":1,"minecraft:cooked_porkchop":5,"minecraft:crafting_table":3,"minecraft:wooden_pickaxe":1,"minecraft:iron_helmet":1,"minecraft:iron_sword":1,"minecraft:bucket":1,"minecraft:birch_planks":24,"minecraft:stone_axe":1,"minecraft:air":0,"minecraft:iron_chestplate":1,"minecraft:charcoal":3,"minecraft:diamond_pickaxe":1,"minecraft:shield":1,"minecraft:stick":28,"minecraft:iron_pickaxe":1,"minecraft:iron_ingot":39,"minecraft:iron_leggings":1,"minecraft:torch":12,"minecraft:diamond_chestplate":1},"minecraft:broken":{"minecraft:shield":1},"minecraft:used":{"minecraft:shield":39,"minecraft:iron_sword":143,"minecraft:torch":14,"minecraft:dirt":1,"minecraft:mutton":1,"minecraft:tuff":2,"minecraft:birch_door":2,"minecraft:furnace":12,"minecraft:cooked_beef":11,"minecraft:cobbled_deepslate":101,"minecraft:cooked_mutton":7,"minecraft:water_bucket":16,"minecraft:stone_pickaxe":57,"minecraft:wooden_pickaxe":3,"minecraft:crafting_table":12,"minecraft:diamond_pickaxe":478,"minecraft:black_wool":1,"minecraft:bread":1,"minecraft:iron_pickaxe":114,"minecraft:stone_axe":9,"minecraft:cobblestone":75,"minecraft:cooked_porkchop":5,"minecraft:andesite":4,"minecraft:bucket":17},"minecraft:killed_by":{"minecraft:skeleton":1}},"DataVersion":3578}