{"stats":{"minecraft:custom":{"minecraft:mob_kills":73,"minecraft:interact_with_crafting_table":43,"minecraft:leave_game":7,"minecraft:time_since_death":17239,"minecraft:sprint_one_cm":298185,"minecraft:walk_one_cm":151893,"minecraft:damage_blocked_by_shield":3120,"minecraft:drop":35,"minecraft:play_time":120014,"minecraft:deaths":5,"minecraft:sneak_time":5306,"minecraft:walk_under_water_one_cm":19682,"minecraft:boat_one_cm":18491,"minecraft:jump":2072,"minecraft:walk_on_water_one_cm":22000,"minecraft:enchant_item":4,"minecraft:total_world_time":120014,"minecraft:interact_with_furnace":52,"minecraft:interact_with_grindstone":3,"minecraft:time_since_rest":17332,"minecraft:damage_taken":3007,"minecraft:damage_dealt":9653,"minecraft:swim_one_cm":47806,"minecraft:fly_one_cm":451094,"minecraft:player_kills":1,"minecraft:open_chest":10,"minecraft:crouch_one_cm":9222,"minecraft:interact_with_smoker":4,"minecraft:fall_one_cm":44267},"minecraft:mined":{"minecraft:diamond_ore":1,"minecraft:tuff":38,"minecraft:white_bed":5,"minecraft:mossy_cobblestone":5,"minecraft:deepslate_diamond_ore":54,"minecraft:obsidian":14,"minecraft:granite":2,"minecraft:grass_block":65,"minecraft:red_mushroom":1,"minecraft:hay_block":98,"minecraft:tall_seagrass":1,"minecraft:raw_iron_block":1,"minecraft:furnace":11,"minecraft:iron_ore":33,"minecraft:cobbled_deepslate":11,"minecraft:andesite":3,"minecraft:deepslate_lapis_ore":2,"minecraft:gold_block":1,"minecraft:enchanting_table":1,"minecraft:deepslate_iron_ore":39,"minecraft:stone":109,"minecraft:deepslate_redstone_ore":5,"minecraft:smoker":1,"minecraft:crafting_table":12,"minecraft:rose_bush":1,"minecraft:tall_grass":8,"minecraft:cobblestone":17,"minecraft:lapis_ore":4,"minecraft:deepslate_gold_ore":2,"minecraft:grindstone":1,"minecraft:sugar_cane":9,"minecraft:diorite":4,"minecraft:wall_torch":1,"minecraft:yellow_bed":1,"minecraft:grass":24,"minecraft:oak_log":7,"minecraft:coal_ore":16,"minecraft:gravel":2,"minecraft:dirt":31,"minecraft:stonecutter":1,"minecraft:oak_leaves":4,"minecraft:deepslate":288},"minecraft:picked_up":{"minecraft:crafting_table":12,"minecraft:charcoal":21,"minecraft:iron_chestplate":1,"minecraft:birch_door":2,"minecraft:chicken":2,"minecraft:diamond_sword":1,"minecraft:gold_block":1,"minecraft:string":7,"minecraft:iron_leggings":1,"minecraft:cobbled_deepslate":312,"minecraft:beef":22,"minecraft:oak_boat":1,"minecraft:rose_bush":1,"minecraft:sugar_cane":25,"minecraft:birch_sapling":4,"minecraft:furnace":11,"minecraft:iron_boots":1,"minecraft:stick":41,"minecraft:raw_iron":75,"minecraft:torch":2,"minecraft:porkchop":5,"minecraft:diorite":4,"minecraft:redstone":23,"minecraft:arrow":3,"minecraft:rotten_flesh":24,"minecraft:hay_block":98,"minecraft:obsidian":16,"minecraft:mutton":14,"minecraft:white_wool":7,"minecraft:cobblestone":139,"minecraft:birch_log":13,"minecraft:enchanting_table":1,"minecraft:feather":1,"minecraft:cooked_beef":2,"minecraft:andesite":6,"minecraft:salmon":13,"minecraft:leather":19,"minecraft:red_mushroom":1,"minecraft:smoker":1,"minecraft:flint":3,"minecraft:tuff":43,"minecraft:oak_log":109,"minecraft:yellow_bed":1,"minecraft:gunpowder":2,"minecraft:lapis_lazuli":39,"minecraft:dirt":96,"minecraft:white_banner":1,"minecraft:cooked_mutton":1,"minecraft:bone":11,"minecraft:apple":4,"minecraft:stonecutter":1,"minecraft:wheat_seeds":6,"minecraft:raw_gold":2,"minecraft:grindstone":1,"minecraft:oak_planks":2,"minecraft:raw_iron_block":1,"minecraft:gravel":1,"minecraft:spruce_sapling":35,"minecraft:white_bed":5,"minecraft:spruce_log":89,"minecraft:spider_eye":2,"minecraft:mossy_cobblestone":5,"minecraft:diamond":59,"minecraft:iron_helmet":1,"minecraft:granite":1,"minecraft:oak_sapling":43,"minecraft:black_wool":1,"minecraft:coal":35},"minecraft:dropped":{"minecraft:wheat_seeds":3,"minecraft:mossy_cobblestone":2,"minecraft:feather":1,"minecraft:iron_helmet":2,"minecraft:cobblestone":7,"minecraft:leather":7,"minecraft:granite":1,"minecraft:stick":1,"minecraft:flint":2,"minecraft:iron_leggings":2,"minecraft:gravel":1,"minecraft:birch_sapling":4,"minecraft:stone_shovel":1,"minecraft:chicken":1,"minecraft:rotten_flesh":11,"minecraft:iron_boots":2,"minecraft:diamond_sword":1,"minecraft:gunpowder":1,"minecraft:iron_chestplate":2,"minecraft:andesite":2,"minecraft:oak_sapling":5,"minecraft:spider_eye":2,"minecraft:wooden_pickaxe":1,"minecraft:beef":1,"minecraft:stone_pickaxe":1},"minecraft:killed":{"minecraft:spider":5,"minecraft:skeleton":10,"minecraft:horse":4,"minecraft:chicken":2,"minecraft:pig":3,"minecraft:salmon":13,"minecraft:creeper":1,"minecraft:sheep":7,"minecraft:pillager":3,"minecraft:zombie":15,"minecraft:cow":9},"minecraft:crafted":{"minecraft:grindstone":1,"minecraft:oak_planks":92,"minecraft:raw_iron":9,"minecraft:stone_shovel":1,"minecraft:oak_sign":3,"minecraft:furnace":4,"minecraft:stone":4,"minecraft:cooked_mutton":6,"minecraft:diamond_helmet":1,"minecraft:diamond_leggings":1,"minecraft:iron_boots":1,"minecraft:iron_axe":1,"minecraft:stone_pickaxe":1,"minecraft:chest":2,"minecraft:diamond_boots":1,"minecraft:birch_door":3,"minecraft:wheat":90,"minecraft:smoker":1,"minecraft:cooked_beef":9,"minecraft:diamond_sword":1,"minecraft:cooked_porkchop":5,"minecraft:crafting_table":5,"minecraft:enchanting_table":1,"minecraft:iron_helmet":1,"minecraft:wooden_pickaxe":1,"minecraft:iron_sword":1,"minecraft:cooked_salmon":10,"minecraft:bucket":1,"minecraft:birch_planks":36,"minecraft:stone_axe":1,"minecraft:bread":30,"minecraft:air":0,"minecraft:oak_boat":1,"minecraft:iron_chestplate":1,"minecraft:book":3,"minecraft:paper":9,"minecraft:diamond_pickaxe":1,"minecraft:charcoal":3,"minecraft:shield":1,"minecraft:stick":36,"minecraft:stone_slab":6,"minecraft:iron_pickaxe":1,"minecraft:iron_ingot":39,"minecraft:iron_shovel":1,"minecraft:iron_leggings":1,"minecraft:torch":12,"minecraft:diamond_chestplate":1},"minecraft:broken":{"minecraft:shield":1},"minecraft:used":{"minecraft:enchanting_table":1,"minecraft:iron_shovel":90,"minecraft:chest":2,"minecraft:shield":39,"minecraft:iron_sword":164,"minecraft:cooked_salmon":13,"minecraft:rotten_flesh":4,"minecraft:torch":14,"minecraft:dirt":21,"minecraft:mutton":1,"minecraft:tuff":2,"minecraft:birch_door":2,"minecraft:iron_axe":4,"minecraft:iron_boots":1,"minecraft:beef":6,"minecraft:furnace":13,"minecraft:cooked_beef":11,"minecraft:cobbled_deepslate":101,"minecraft:cooked_mutton":8,"minecraft:water_bucket":18,"minecraft:stone_pickaxe":57,"minecraft:wooden_pickaxe":3,"minecraft:crafting_table":17,"minecraft:smoker":1,"minecraft:diamond_pickaxe":498,"minecraft:black_wool":1,"minecraft:bread":12,"minecraft:iron_pickaxe":114,"minecraft:stone_axe":10,"minecraft:diamond_sword":18,"minecraft:cobblestone":89,"minecraft:grindstone":1,"minecraft:cooked_porkchop":5,"minecraft:andesite":4,"minecraft:bucket":19,"minecraft:oak_boat":1},"minecraft:killed_by":{"minecraft:skeleton":2,"minecraft:zombie":3}},"DataVersion":3578}