{"stats":{"minecraft:custom":{"minecraft:interact_with_furnace":22,"minecraft:mob_kills":26,"minecraft:interact_with_crafting_table":12,"minecraft:leave_game":3,"minecraft:time_since_death":7388,"minecraft:time_since_rest":7418,"minecraft:sprint_one_cm":55241,"minecraft:damage_taken":595,"minecraft:walk_one_cm":41993,"minecraft:drop":2,"minecraft:damage_dealt":3259,"minecraft:swim_one_cm":11584,"minecraft:player_kills":1,"minecraft:fly_one_cm":86506,"minecraft:crouch_one_cm":3328,"minecraft:play_time":23494,"minecraft:deaths":1,"minecraft:sneak_time":1858,"minecraft:walk_under_water_one_cm":1181,"minecraft:jump":474,"minecraft:walk_on_water_one_cm":181,"minecraft:total_world_time":23494,"minecraft:fall_one_cm":11643},"minecraft:mined":{"minecraft:crafting_table":6,"minecraft:granite":1,"minecraft:grass_block":1,"minecraft:tall_grass":8,"minecraft:furnace":5,"minecraft:iron_ore":9,"minecraft:andesite":1,"minecraft:grass":9,"minecraft:coal_ore":16,"minecraft:oak_log":6,"minecraft:dirt":1,"minecraft:stone":44,"minecraft:oak_leaves":3},"minecraft:picked_up":{"minecraft:birch_log":13,"minecraft:birch_door":1,"minecraft:charcoal":10,"minecraft:crafting_table":6,"minecraft:feather":1,"minecraft:chicken":1,"minecraft:andesite":1,"minecraft:leather":7,"minecraft:oak_log":23,"minecraft:dirt":1,"minecraft:string":1,"minecraft:wheat_seeds":2,"minecraft:beef":13,"minecraft:birch_sapling":4,"minecraft:oak_planks":2,"minecraft:furnace":5,"minecraft:stick":5,"minecraft:raw_iron":9,"minecraft:porkchop":5,"minecraft:rotten_flesh":4,"minecraft:oak_sapling":5,"minecraft:black_wool":1,"minecraft:mutton":11,"minecraft:coal":30,"minecraft:white_wool":6,"minecraft:cobblestone":49},"minecraft:dropped":{"minecraft:wheat_seeds":1,"minecraft:wooden_pickaxe":1},"minecraft:killed":{"minecraft:pig":3,"minecraft:spider":1,"minecraft:sheep":7,"minecraft:horse":4,"minecraft:zombie":5,"minecraft:chicken":2,"minecraft:cow":4},"minecraft:crafted":{"minecraft:cooked_beef":9,"minecraft:oak_planks":24,"minecraft:stone_shovel":1,"minecraft:crafting_table":3,"minecraft:wooden_pickaxe":1,"minecraft:iron_sword":1,"minecraft:furnace":3,"minecraft:birch_planks":24,"minecraft:stone_axe":1,"minecraft:cooked_mutton":3,"minecraft:air":0,"minecraft:charcoal":3,"minecraft:shield":1,"minecraft:stick":12,"minecraft:iron_ingot":6,"minecraft:iron_pickaxe":1,"minecraft:stone_pickaxe":1,"minecraft:birch_door":3},"minecraft:used":{"minecraft:cooked_mutton":4,"minecraft:stone_pickaxe":57,"minecraft:wooden_pickaxe":3,"minecraft:iron_sword":62,"minecraft:dirt":1,"minecraft:mutton":1,"minecraft:crafting_table":9,"minecraft:birch_door":1,"minecraft:black_wool":1,"minecraft:iron_pickaxe":17,"minecraft:stone_axe":6,"minecraft:cobblestone":17,"minecraft:furnace":6,"minecraft:andesite":1,"minecraft:cooked_beef":2},"minecraft:killed_by":{"minecraft:skeleton":1}},"DataVersion":3578}