{"stats":{"minecraft:custom":{"minecraft:mob_kills":88,"minecraft:interact_with_crafting_table":61,"minecraft:leave_game":7,"minecraft:time_since_death":6567,"minecraft:sprint_one_cm":407671,"minecraft:walk_one_cm":234519,"minecraft:damage_blocked_by_shield":3120,"minecraft:drop":36,"minecraft:talked_to_villager":23,"minecraft:play_time":172519,"minecraft:deaths":7,"minecraft:sneak_time":8846,"minecraft:walk_under_water_one_cm":21579,"minecraft:boat_one_cm":67757,"minecraft:jump":2683,"minecraft:walk_on_water_one_cm":27669,"minecraft:enchant_item":4,"minecraft:total_world_time":172519,"minecraft:interact_with_furnace":86,"minecraft:traded_with_villager":17,"minecraft:interact_with_grindstone":3,"minecraft:sleep_in_bed":1,"minecraft:time_since_rest":6640,"minecraft:damage_taken":4252,"minecraft:damage_dealt":12189,"minecraft:player_kills":1,"minecraft:swim_one_cm":55460,"minecraft:fly_one_cm":578740,"minecraft:open_chest":45,"minecraft:crouch_one_cm":21652,"minecraft:interact_with_smoker":4,"minecraft:fall_one_cm":58663,"minecraft:inspect_dispenser":1},"minecraft:mined":{"minecraft:diamond_ore":7,"minecraft:tuff":38,"minecraft:white_bed":6,"minecraft:mossy_cobblestone":5,"minecraft:deepslate_diamond_ore":66,"minecraft:obsidian":14,"minecraft:granite":2,"minecraft:grass_block":83,"minecraft:composter":5,"minecraft:red_mushroom":1,"minecraft:hay_block":98,"minecraft:tall_seagrass":2,"minecraft:raw_iron_block":1,"minecraft:furnace":11,"minecraft:iron_ore":45,"minecraft:cobbled_deepslate":11,"minecraft:andesite":25,"minecraft:fletching_table":7,"minecraft:deepslate_lapis_ore":3,"minecraft:gold_block":1,"minecraft:enchanting_table":1,"minecraft:potatoes":1,"minecraft:dirt_path":3,"minecraft:deepslate_iron_ore":45,"minecraft:rail":11,"minecraft:stone":192,"minecraft:deepslate_redstone_ore":16,"minecraft:oak_slab":4,"minecraft:smoker":1,"minecraft:crafting_table":12,"minecraft:rose_bush":1,"minecraft:tall_grass":9,"minecraft:cobblestone":18,"minecraft:lapis_ore":10,"minecraft:deepslate_gold_ore":18,"minecraft:grindstone":1,"minecraft:sugar_cane":9,"minecraft:oak_planks":20,"minecraft:diorite":6,"minecraft:wall_torch":1,"minecraft:powered_rail":1,"minecraft:yellow_bed":2,"minecraft:grass":45,"minecraft:oak_log":10,"minecraft:coal_ore":16,"minecraft:gravel":25,"minecraft:dirt":55,"minecraft:dispenser":1,"minecraft:stonecutter":1,"minecraft:gold_ore":10,"minecraft:oak_leaves":4,"minecraft:deepslate":352,"minecraft:fern":1},"minecraft:picked_up":{"minecraft:crafting_table":12,"minecraft:charcoal":24,"minecraft:iron_chestplate":1,"minecraft:birch_door":2,"minecraft:chicken":2,"minecraft:diamond_sword":1,"minecraft:gold_block":1,"minecraft:string":13,"minecraft:iron_leggings":1,"minecraft:cobbled_deepslate":377,"minecraft:beef":22,"minecraft:oak_boat":5,"minecraft:rose_bush":1,"minecraft:poppy":1,"minecraft:minecart":1,"minecraft:sugar_cane":25,"minecraft:birch_sapling":4,"minecraft:iron_boots":1,"minecraft:furnace":11,"minecraft:stick":42,"minecraft:raw_iron":96,"minecraft:composter":5,"minecraft:torch":2,"minecraft:porkchop":5,"minecraft:diorite":6,"minecraft:redstone":77,"minecraft:arrow":9,"minecraft:rotten_flesh":28,"minecraft:hay_block":98,"minecraft:obsidian":16,"minecraft:mutton":14,"minecraft:rail":11,"minecraft:white_wool":7,"minecraft:cobblestone":228,"minecraft:birch_log":13,"minecraft:enchanting_table":1,"minecraft:feather":1,"minecraft:cooked_beef":2,"minecraft:andesite":28,"minecraft:salmon":16,"minecraft:leather":19,"minecraft:smoker":1,"minecraft:red_mushroom":1,"minecraft:potato":2,"minecraft:flint":5,"minecraft:tuff":43,"minecraft:oak_log":117,"minecraft:yellow_bed":2,"minecraft:gunpowder":2,"minecraft:lapis_lazuli":85,"minecraft:dirt":182,"minecraft:white_banner":1,"minecraft:cooked_mutton":1,"minecraft:bone":20,"minecraft:apple":4,"minecraft:stonecutter":1,"minecraft:wheat_seeds":13,"minecraft:raw_gold":29,"minecraft:iron_ingot":3,"minecraft:grindstone":1,"minecraft:fletching_table":7,"minecraft:powered_rail":1,"minecraft:oak_planks":83,"minecraft:oak_slab":2,"minecraft:raw_iron_block":1,"minecraft:gravel":22,"minecraft:spruce_sapling":43,"minecraft:white_bed":6,"minecraft:spruce_log":124,"minecraft:spider_eye":2,"minecraft:mossy_cobblestone":5,"minecraft:dispenser":1,"minecraft:diamond":78,"minecraft:iron_helmet":1,"minecraft:granite":1,"minecraft:oak_sapling":47,"minecraft:black_wool":1,"minecraft:coal":35},"minecraft:dropped":{"minecraft:wheat_seeds":3,"minecraft:mossy_cobblestone":2,"minecraft:feather":1,"minecraft:iron_helmet":2,"minecraft:cobblestone":7,"minecraft:leather":7,"minecraft:granite":1,"minecraft:flint":2,"minecraft:stick":1,"minecraft:iron_leggings":2,"minecraft:gravel":1,"minecraft:birch_sapling":4,"minecraft:stone_shovel":1,"minecraft:chicken":1,"minecraft:rotten_flesh":11,"minecraft:iron_boots":2,"minecraft:diamond_sword":1,"minecraft:potato":1,"minecraft:gunpowder":1,"minecraft:iron_chestplate":2,"minecraft:andesite":2,"minecraft:oak_sapling":5,"minecraft:spider_eye":2,"minecraft:wooden_pickaxe":1,"minecraft:beef":1,"minecraft:stone_pickaxe":1},"minecraft:killed":{"minecraft:spider":8,"minecraft:skeleton":15,"minecraft:horse":4,"minecraft:chicken":2,"minecraft:pig":3,"minecraft:salmon":16,"minecraft:creeper":1,"minecraft:sheep":7,"minecraft:pillager":3,"minecraft:zombie":18,"minecraft:cow":9},"minecraft:crafted":{"minecraft:grindstone":1,"minecraft:oak_planks":356,"minecraft:raw_iron":9,"minecraft:stone_shovel":1,"minecraft:oak_sign":3,"minecraft:furnace":8,"minecraft:stone":4,"minecraft:bone_meal":12,"minecraft:cooked_mutton":6,"minecraft:oak_trapdoor":4,"minecraft:bow":1,"minecraft:diamond_helmet":1,"minecraft:diamond_leggings":1,"minecraft:iron_boots":1,"minecraft:iron_axe":2,"minecraft:iron_hoe":1,"minecraft:stone_pickaxe":1,"minecraft:chest":2,"minecraft:diamond_boots":1,"minecraft:birch_door":3,"minecraft:rail":16,"minecraft:minecart":1,"minecraft:smoker":1,"minecraft:wheat":666,"minecraft:cooked_beef":9,"minecraft:dropper":1,"minecraft:oak_slab":6,"minecraft:diamond_sword":1,"minecraft:emerald":16,"minecraft:cooked_porkchop":5,"minecraft:crafting_table":5,"minecraft:spruce_planks":256,"minecraft:enchanting_table":1,"minecraft:powered_rail":6,"minecraft:iron_helmet":1,"minecraft:wooden_pickaxe":1,"minecraft:iron_sword":1,"minecraft:cooked_salmon":10,"minecraft:fletching_table":1,"minecraft:bucket":1,"minecraft:birch_planks":36,"minecraft:stone_axe":1,"minecraft:bread":222,"minecraft:air":0,"minecraft:dispenser":1,"minecraft:oak_boat":2,"minecraft:iron_chestplate":1,"minecraft:book":3,"minecraft:paper":9,"minecraft:diamond_pickaxe":1,"minecraft:charcoal":37,"minecraft:shield":1,"minecraft:stick":724,"minecraft:stone_slab":6,"minecraft:iron_ingot":89,"minecraft:iron_pickaxe":1,"minecraft:gold_ingot":11,"minecraft:iron_shovel":1,"minecraft:iron_leggings":1,"minecraft:redstone_torch":2,"minecraft:torch":12,"minecraft:diamond_chestplate":1},"minecraft:broken":{"minecraft:shield":1,"minecraft:iron_axe":1},"minecraft:used":{"minecraft:oak_trapdoor":3,"minecraft:enchanting_table":1,"minecraft:iron_shovel":90,"minecraft:dispenser":1,"minecraft:chest":2,"minecraft:shield":39,"minecraft:iron_sword":164,"minecraft:cooked_salmon":13,"minecraft:rotten_flesh":4,"minecraft:torch":14,"minecraft:dirt":112,"minecraft:mutton":1,"minecraft:tuff":2,"minecraft:iron_hoe":58,"minecraft:birch_door":2,"minecraft:iron_axe":35,"minecraft:iron_boots":1,"minecraft:beef":6,"minecraft:furnace":18,"minecraft:minecart":1,"minecraft:potato":6,"minecraft:cooked_beef":11,"minecraft:cobbled_deepslate":101,"minecraft:cooked_mutton":8,"minecraft:water_bucket":27,"minecraft:powered_rail":2,"minecraft:stone_pickaxe":57,"minecraft:oak_planks":162,"minecraft:wooden_pickaxe":3,"minecraft:composter":5,"minecraft:fletching_table":8,"minecraft:rail":11,"minecraft:oak_slab":7,"minecraft:crafting_table":17,"minecraft:white_bed":4,"minecraft:smoker":1,"minecraft:redstone_torch":1,"minecraft:oak_log":13,"minecraft:diamond_pickaxe":764,"minecraft:black_wool":1,"minecraft:bread":35,"minecraft:iron_pickaxe":114,"minecraft:gravel":21,"minecraft:spruce_sapling":8,"minecraft:stone_axe":10,"minecraft:diamond_sword":58,"minecraft:cobblestone":96,"minecraft:grindstone":1,"minecraft:cooked_porkchop":5,"minecraft:andesite":4,"minecraft:bucket":28,"minecraft:oak_boat":5,"minecraft:bone_meal":8},"minecraft:killed_by":{"minecraft:skeleton":4,"minecraft:zombie":3}},"DataVersion":3578}