{"stats":{"minecraft:killed":{"minecraft:spider":11,"minecraft:horse":4,"minecraft:skeleton":17,"minecraft:chicken":2,"minecraft:pig":3,"minecraft:zombie_villager":4,"minecraft:salmon":16,"minecraft:creeper":3,"minecraft:sheep":7,"minecraft:pillager":3,"minecraft:zombie":35,"minecraft:villager":1,"minecraft:cow":11},"minecraft:crafted":{"minecraft:grindstone":1,"minecraft:oak_planks":424,"minecraft:raw_iron":9,"minecraft:stone_shovel":1,"minecraft:oak_sign":3,"minecraft:furnace":8,"minecraft:stone":4,"minecraft:bone_meal":30,"minecraft:bookshelf":5,"minecraft:cooked_mutton":6,"minecraft:oak_trapdoor":14,"minecraft:diamond_helmet":1,"minecraft:diamond_leggings":1,"minecraft:bow":2,"minecraft:iron_boots":1,"minecraft:iron_axe":5,"minecraft:spruce_slab":6,"minecraft:iron_hoe":1,"minecraft:stone_pickaxe":1,"minecraft:chest":4,"minecraft:diamond_boots":1,"minecraft:oak_button":2,"minecraft:spruce_boat":1,"minecraft:birch_door":3,"minecraft:rail":48,"minecraft:smoker":1,"minecraft:minecart":2,"minecraft:wheat":666,"minecraft:cooked_beef":9,"minecraft:dropper":1,"minecraft:oak_slab":48,"minecraft:emerald":391,"minecraft:diamond_sword":1,"minecraft:arrow":48,"minecraft:cooked_porkchop":5,"minecraft:diamond_axe":1,"minecraft:crafting_table":5,"minecraft:enchanting_table":1,"minecraft:spruce_planks":6724,"minecraft:iron_helmet":1,"minecraft:wooden_pickaxe":1,"minecraft:powered_rail":6,"minecraft:iron_sword":1,"minecraft:cooked_salmon":10,"minecraft:fletching_table":3,"minecraft:bucket":1,"minecraft:birch_planks":36,"minecraft:stone_axe":1,"minecraft:enchanted_book":7,"minecraft:bread":594,"minecraft:air":0,"minecraft:dispenser":1,"minecraft:oak_boat":2,"minecraft:lectern":2,"minecraft:book":6,"minecraft:iron_chestplate":1,"minecraft:paper":18,"minecraft:charcoal":37,"minecraft:diamond_pickaxe":2,"minecraft:shield":1,"minecraft:stick":13605,"minecraft:stone_slab":6,"minecraft:iron_ingot":89,"minecraft:iron_pickaxe":1,"minecraft:iron_shovel":1,"minecraft:gold_ingot":38,"minecraft:iron_leggings":1,"minecraft:redstone_torch":2,"minecraft:torch":12,"minecraft:shears":1,"minecraft:diamond_chestplate":1},"minecraft:picked_up":{"minecraft:charcoal":24,"minecraft:iron_chestplate":1,"minecraft:crafting_table":12,"minecraft:birch_door":2,"minecraft:chicken":2,"minecraft:diamond_sword":1,"minecraft:gold_block":1,"minecraft:string":17,"minecraft:oak_trapdoor":4,"minecraft:iron_leggings":1,"minecraft:cobbled_deepslate":377,"minecraft:spruce_planks":14,"minecraft:beef":24,"minecraft:oak_boat":6,"minecraft:rose_bush":1,"minecraft:poppy":1,"minecraft:minecart":12,"minecraft:lectern":59,"minecraft:sugar_cane":25,"minecraft:chest":1,"minecraft:birch_sapling":4,"minecraft:iron_boots":1,"minecraft:furnace":11,"minecraft:raw_iron":96,"minecraft:stick":140,"minecraft:composter":5,"minecraft:oak_fence":3,"minecraft:torch":6,"minecraft:porkchop":5,"minecraft:diorite":6,"minecraft:redstone":77,"minecraft:arrow":19,"minecraft:rotten_flesh":55,"minecraft:hay_block":98,"minecraft:white_wool":7,"minecraft:obsidian":16,"minecraft:mutton":14,"minecraft:rail":81,"minecraft:cobblestone":234,"minecraft:stripped_oak_log":2,"minecraft:birch_log":13,"minecraft:enchanting_table":1,"minecraft:feather":1,"minecraft:cooked_beef":2,"minecraft:salmon":16,"minecraft:andesite":28,"minecraft:leather":21,"minecraft:smoker":1,"minecraft:red_mushroom":1,"minecraft:potato":9,"minecraft:flint":10,"minecraft:tuff":43,"minecraft:oak_log":179,"minecraft:yellow_bed":2,"minecraft:gunpowder":4,"minecraft:lapis_lazuli":85,"minecraft:dirt":211,"minecraft:white_banner":1,"minecraft:cooked_mutton":1,"minecraft:bone":25,"minecraft:apple":7,"minecraft:stonecutter":1,"minecraft:wheat_seeds":17,"minecraft:raw_gold":29,"minecraft:iron_ingot":3,"minecraft:grindstone":1,"minecraft:stripped_oak_wood":1,"minecraft:fletching_table":19,"minecraft:powered_rail":2,"minecraft:oak_planks":87,"minecraft:book":9,"minecraft:oak_slab":3,"minecraft:raw_iron_block":1,"minecraft:poisonous_potato":2,"minecraft:gravel":80,"minecraft:spruce_sapling":243,"minecraft:white_bed":8,"minecraft:spruce_log":1742,"minecraft:spider_eye":2,"minecraft:mossy_cobblestone":6,"minecraft:dispenser":1,"minecraft:diamond":78,"minecraft:spruce_boat":1,"minecraft:iron_helmet":1,"minecraft:granite":1,"minecraft:oak_sapling":62,"minecraft:black_wool":1,"minecraft:coal":35,"minecraft:oak_leaves":2},"minecraft:broken":{"minecraft:shield":1,"minecraft:iron_axe":1},"minecraft:custom":{"minecraft:mob_kills":119,"minecraft:interact_with_crafting_table":83,"minecraft:leave_game":23,"minecraft:time_since_death":10431,"minecraft:sprint_one_cm":690044,"minecraft:walk_one_cm":451868,"minecraft:damage_blocked_by_shield":3120,"minecraft:drop":60,"minecraft:talked_to_villager":163,"minecraft:play_time":532483,"minecraft:sneak_time":14231,"minecraft:deaths":13,"minecraft:walk_under_water_one_cm":22345,"minecraft:boat_one_cm":94989,"minecraft:jump":3820,"minecraft:walk_on_water_one_cm":30986,"minecraft:enchant_item":4,"minecraft:total_world_time":532483,"minecraft:interact_with_furnace":92,"minecraft:traded_with_villager":469,"minecraft:interact_with_grindstone":3,"minecraft:sleep_in_bed":8,"minecraft:time_since_rest":10485,"minecraft:damage_taken":6656,"minecraft:damage_dealt":17483,"minecraft:player_kills":1,"minecraft:swim_one_cm":56180,"minecraft:fly_one_cm":824127,"minecraft:open_chest":103,"minecraft:crouch_one_cm":33174,"minecraft:fall_one_cm":76926,"minecraft:interact_with_smoker":4,"minecraft:inspect_dispenser":14},"minecraft:dropped":{"minecraft:bread":317,"minecraft:wheat_seeds":3,"minecraft:mossy_cobblestone":2,"minecraft:poisonous_potato":2,"minecraft:feather":1,"minecraft:iron_helmet":2,"minecraft:cobblestone":7,"minecraft:leather":7,"minecraft:granite":1,"minecraft:stick":1,"minecraft:flint":2,"minecraft:iron_leggings":2,"minecraft:string":2,"minecraft:bone":2,"minecraft:gravel":1,"minecraft:iron_nugget":11,"minecraft:birch_sapling":4,"minecraft:stone_shovel":1,"minecraft:chicken":1,"minecraft:rotten_flesh":29,"minecraft:iron_boots":2,"minecraft:diamond_sword":1,"minecraft:potato":7,"minecraft:gunpowder":1,"minecraft:spruce_planks":11,"minecraft:iron_chestplate":2,"minecraft:andesite":2,"minecraft:oak_sapling":6,"minecraft:spider_eye":2,"minecraft:spruce_slab":2,"minecraft:arrow":2,"minecraft:stone_pickaxe":1,"minecraft:beef":3,"minecraft:wooden_pickaxe":1},"minecraft:used":{"minecraft:oak_trapdoor":13,"minecraft:enchanting_table":1,"minecraft:iron_shovel":90,"minecraft:dispenser":2,"minecraft:chest":4,"minecraft:spruce_planks":11,"minecraft:shield":39,"minecraft:iron_sword":228,"minecraft:cooked_salmon":13,"minecraft:rotten_flesh":4,"minecraft:torch":14,"minecraft:dirt":193,"minecraft:mutton":1,"minecraft:tuff":2,"minecraft:spruce_boat":2,"minecraft:birch_door":2,"minecraft:iron_hoe":64,"minecraft:bookshelf":3,"minecraft:iron_axe":54,"minecraft:iron_boots":1,"minecraft:bow":9,"minecraft:beef":6,"minecraft:furnace":18,"minecraft:minecart":3,"minecraft:potato":6,"minecraft:cooked_beef":11,"minecraft:cobbled_deepslate":101,"minecraft:cooked_mutton":8,"minecraft:water_bucket":29,"minecraft:stone_pickaxe":57,"minecraft:powered_rail":4,"minecraft:oak_planks":165,"minecraft:wooden_pickaxe":3,"minecraft:diamond_axe":161,"minecraft:composter":5,"minecraft:fletching_table":22,"minecraft:oak_leaves":2,"minecraft:rail":101,"minecraft:oak_slab":38,"minecraft:crafting_table":17,"minecraft:white_bed":6,"minecraft:spruce_log":1,"minecraft:shears":2,"minecraft:smoker":1,"minecraft:redstone_torch":1,"minecraft:oak_log":58,"minecraft:black_wool":1,"minecraft:diamond_pickaxe":853,"minecraft:oak_button":2,"minecraft:bread":110,"minecraft:iron_pickaxe":114,"minecraft:lectern":61,"minecraft:gravel":77,"minecraft:spruce_sapling":102,"minecraft:stone_axe":10,"minecraft:diamond_sword":70,"minecraft:cobblestone":103,"minecraft:grindstone":1,"minecraft:cooked_porkchop":5,"minecraft:andesite":4,"minecraft:bucket":30,"minecraft:oak_boat":6,"minecraft:bone_meal":30},"minecraft:killed_by":{"minecraft:creeper":1,"minecraft:spider":1,"minecraft:skeleton":4,"minecraft:zombie":7},"minecraft:mined":{"minecraft:diamond_ore":7,"minecraft:tuff":38,"minecraft:spruce_planks":3,"minecraft:white_bed":8,"minecraft:mossy_cobblestone":6,"minecraft:deepslate_diamond_ore":66,"minecraft:obsidian":14,"minecraft:granite":2,"minecraft:grass_block":89,"minecraft:spruce_leaves":15,"minecraft:red_mushroom":1,"minecraft:composter":5,"minecraft:hay_block":98,"minecraft:tall_seagrass":2,"minecraft:raw_iron_block":1,"minecraft:oak_trapdoor":3,"minecraft:spruce_sapling":2,"minecraft:furnace":11,"minecraft:iron_ore":45,"minecraft:cobbled_deepslate":11,"minecraft:andesite":25,"minecraft:deepslate_lapis_ore":3,"minecraft:fletching_table":19,"minecraft:gold_block":1,"minecraft:enchanting_table":1,"minecraft:bookshelf":3,"minecraft:potatoes":1,"minecraft:deepslate_iron_ore":45,"minecraft:dirt_path":15,"minecraft:rail":81,"minecraft:stripped_oak_log":6,"minecraft:stone":192,"minecraft:deepslate_redstone_ore":16,"minecraft:oak_slab":5,"minecraft:smoker":1,"minecraft:oak_fence":3,"minecraft:crafting_table":12,"minecraft:chest":1,"minecraft:rose_bush":1,"minecraft:lectern":59,"minecraft:tall_grass":18,"minecraft:cobblestone":25,"minecraft:deepslate_gold_ore":18,"minecraft:lapis_ore":10,"minecraft:oak_planks":24,"minecraft:grindstone":1,"minecraft:sugar_cane":9,"minecraft:diorite":6,"minecraft:wall_torch":1,"minecraft:powered_rail":2,"minecraft:spruce_log":13,"minecraft:stripped_oak_wood":1,"minecraft:yellow_bed":2,"minecraft:grass":85,"minecraft:coal_ore":16,"minecraft:oak_log":35,"minecraft:gravel":87,"minecraft:dirt":67,"minecraft:stonecutter":1,"minecraft:dispenser":1,"minecraft:gold_ore":10,"minecraft:deepslate":352,"minecraft:oak_leaves":10,"minecraft:fern":1}},"DataVersion":3578}