{"stats":{"minecraft:custom":{"minecraft:time_since_rest":11967,"minecraft:interact_with_furnace":7,"minecraft:sprint_one_cm":11347,"minecraft:damage_taken":120,"minecraft:walk_one_cm":15852,"minecraft:mob_kills":2,"minecraft:drop":2,"minecraft:damage_dealt":306,"minecraft:player_kills":1,"minecraft:interact_with_crafting_table":6,"minecraft:fly_one_cm":16667,"minecraft:crouch_one_cm":3293,"minecraft:play_time":11967,"minecraft:sneak_time":1667,"minecraft:jump":142,"minecraft:leave_game":1,"minecraft:time_since_death":11967,"minecraft:total_world_time":11967,"minecraft:fall_one_cm":3255},"minecraft:mined":{"minecraft:furnace":2,"minecraft:iron_ore":6,"minecraft:andesite":1,"minecraft:crafting_table":1,"minecraft:grass":1,"minecraft:oak_log":6,"minecraft:coal_ore":16,"minecraft:dirt":1,"minecraft:tall_grass":6,"minecraft:stone":44,"minecraft:oak_leaves":1},"minecraft:picked_up":{"minecraft:crafting_table":1,"minecraft:raw_iron":6,"minecraft:andesite":1,"minecraft:oak_log":6,"minecraft:rotten_flesh":2,"minecraft:wheat_seeds":1,"minecraft:oak_sapling":1,"minecraft:black_wool":1,"minecraft:mutton":2,"minecraft:coal":30,"minecraft:cobblestone":49,"minecraft:furnace":2},"minecraft:dropped":{"minecraft:wheat_seeds":1,"minecraft:wooden_pickaxe":1},"minecraft:killed":{"minecraft:sheep":1,"minecraft:zombie":1},"minecraft:crafted":{"minecraft:oak_planks":24,"minecraft:crafting_table":3,"minecraft:stick":8,"minecraft:wooden_pickaxe":1,"minecraft:iron_ingot":6,"minecraft:iron_pickaxe":1,"minecraft:stone_pickaxe":1,"minecraft:iron_sword":1,"minecraft:furnace":2,"minecraft:air":0},"minecraft:used":{"minecraft:stone_pickaxe":57,"minecraft:iron_pickaxe":9,"minecraft:wooden_pickaxe":3,"minecraft:iron_sword":5,"minecraft:cobblestone":17,"minecraft:crafting_table":3,"minecraft:furnace":3,"minecraft:andesite":1}},"DataVersion":3578}