{"stats":{"minecraft:custom":{"minecraft:time_since_rest":2708,"minecraft:crouch_one_cm":39,"minecraft:sprint_one_cm":44742,"minecraft:play_time":13201,"minecraft:deaths":9,"minecraft:damage_taken":2505,"minecraft:walk_one_cm":23268,"minecraft:drop":14,"minecraft:jump":297,"minecraft:damage_dealt":30,"minecraft:leave_game":4,"minecraft:time_since_death":2420,"minecraft:total_world_time":13201,"minecraft:fall_one_cm":1045,"minecraft:fly_one_cm":41158},"minecraft:picked_up":{"minecraft:stick":4,"minecraft:stone_axe":1,"minecraft:oak_log":5,"minecraft:oak_sapling":4,"minecraft:dirt":32},"minecraft:mined":{"minecraft:grass":6,"minecraft:grass_block":2},"minecraft:dropped":{"minecraft:stone_axe":1,"minecraft:oak_log":5,"minecraft:oak_sapling":4,"minecraft:stick":4},"minecraft:killed_by":{"minecraft:skeleton":1,"minecraft:creeper":3,"minecraft:zombie":5}},"DataVersion":3578}